DC_Code,DC_Name,barcode,stock_no,description_1,description_2,category,category_name,total_inventory,shipping_qty,allocate_qty,blocked_qty,available_qty,arrival_qty,expected_inventory,order_point,unit,uodate_date
02,DC02,101009,101009,電動ラウンジチェアSISTA-シスタ-ダークブラウン(アウトレット),,2EL2,アイラッシュ,3,0,0,0,3,0,3,0,PC,2020/03/30 12:48:44

02,DC02,102702,102702,DC02　品質管理T返送用伝票,,,,88,0,0,0,88,0,88,0,PC,2020/07/21 13:47:40

02,DC02,105296,105296,【シャビーシック】バックシャンプーキャビネットRENE-B（上部） アンティーク,,2HA2,理美容・ヘア,5,0,0,0,5,0,5,0,PC,2020/03/25 13:53:39

02,DC02,105394A,105394,電動ラウンジチェア SHIFFON（シフォン）（ホワイト）,,2ES2,エステティック,16,0,0,0,16,0,16,0,PC,2020/08/04 15:39:22

02,DC02,105482,105482,【シャビーシック】アンティーク木製ワゴン DIAN（ディアン）Type BOX,,2HA2,理美容・ヘア,8,0,0,0,8,0,8,0,PC,2020/07/31 16:34:12

02,DC02,108767,108767,【ラグジュアリー】スタイリングチェア CUBEⅡ（キューブツー）（トップ）ヴィン,,2HA2,理美容・ヘア,1,0,0,0,1,0,1,0,PC,2020/03/10 15:40:37

02,DC02,108977A,108977,【アウトレット品】電動リクライニングチェア PORTE（ポルテ）,,2NA2,ネイル,1,0,0,0,1,0,1,0,PC,2020/03/26 17:48:25

02,DC02,110428,110428,スタンダードネイルテーブル,,2NA2,ネイル,2,0,0,0,2,0,2,0,PC,2020/03/26 17:39:25

02,DC02,111095,111095,【シャビーシック】スタイリングチェアNOE（トップ）アンティークブラウン,,2HA2,理美容・ヘア,6,0,0,0,6,0,6,0,PC,2020/03/05 16:22:51

02,DC02,111096,111096,【ヴィンテージ】スタイリングチェア CLUB-RⅡ（トップ） ヴィンテージブラウ,,2HA2,理美容・ヘア,1,0,0,0,1,0,1,0,PC,2020/03/25 13:53:39

02,DC02,111097,111097,【ラグジュアリー】スタイリングチェア CLUB-F（クラブエフ）（トップ） ダー,,2HA2,理美容・ヘア,2,0,0,0,2,0,2,0,PC,2020/03/25 13:53:39

02,DC02,116477,116477,【シャビーシック】天然木製片面ドレッサーLOUISⅡ（下部） アンティーブラウン,,2HA2,理美容・ヘア,2,0,0,0,2,0,2,0,PC,2020/03/30 13:42:22

02,DC02,116481,116481,【シャビーシック】シャンプーキャビネットRENE-S（上部） アンティークライト,,2HA2,理美容・ヘア,13,0,0,0,13,0,13,0,PC,2020/04/03 16:53:31

02,DC02,117986,117986,【アウトレット】ネイルテーブル シングルキャビネット Advance キャビネッ,,2NA2,ネイル,1,0,0,0,1,0,1,0,PC,2020/03/26 17:40:04

02,DC02,118050,118050,【パーツリスト】アームレスト_RUBINO【DELUXE】ダークブラウン,,2HA2,理美容・ヘア,2,0,0,0,2,0,2,0,PC,2020/07/27 14:42:41

02,DC02,118051,118051,【パーツリスト】アームレスト_RUBINO【DELUXE】ブラック,,2HA2,理美容・ヘア,1,0,0,0,1,0,1,0,PC,2020/07/09 15:15:12

02,DC02,118498,118498,【アウトレット】手動ラウンジチェア SHIFFON Jr-S （シフォンジュニア,,2ES2,エステティック,1,0,0,0,1,0,1,0,PC,2020/04/03 17:18:11

02,DC02,118669,118669,電動ラウンジチェア SHIFFON（シフォン）（ダークブラウン）,,2ES2,エステティック,16,0,0,0,16,0,16,0,PC,2020/07/29 14:10:08

02,DC02,118901,118901,ドリッパ/スタンド（シロダーラセット用）,,2ML2,マッサージ・リラク,11,0,0,0,11,0,11,0,PC,2020/04/03 17:18:11

02,DC02,118902,118902,土台（シロダーラセット用）,,2ML2,マッサージ・リラク,19,0,0,0,19,0,19,0,PC,2020/04/03 17:18:11

02,DC02,118988,118988,【シャビーシック】スタイリングチェアCHALON（トップ） アッシュグレー,,2HA2,理美容・ヘア,1,0,0,0,1,0,1,0,PC,2020/03/25 13:53:39

02,DC02,119238,119238,【シャビーシック】天然木製両面ドレッサーLOUISⅡ（下部） アンティークブラウ,,2HA2,理美容・ヘア,3,0,0,0,3,0,3,0,PC,2020/03/26 17:53:58

02,DC02,119414,119414,【カフェラウンジ】スタイリングチェアCOAST アッシュグレー,,2HA2,理美容・ヘア,6,0,0,0,6,0,6,0,PC,2020/03/25 13:53:39

02,DC02,119417,119417,【カフェラウンジ】スタイリングチェアCOASTデニム,,2HA2,理美容・ヘア,6,0,0,0,6,0,6,0,PC,2020/03/25 13:53:39

02,DC02,119934,119934,CH-2251-2ベース（OLDEST-S用）,,2HA2,理美容・ヘア,1,0,0,0,1,0,1,0,PC,2020/05/19 14:13:44

02,DC02,121619,121619,SPAZIO MACARO用シャンプースタンド（本体） ブラック,,2HA2,理美容・ヘア,1,0,0,0,1,0,1,0,PC,2020/03/26 18:03:26

02,DC02,121620,121620,【アーバン】スタイリングチェアARNET（トップ） アッシュホワイト,,2HA2,理美容・ヘア,1,0,0,0,1,0,1,0,PC,2020/03/26 18:03:06

02,DC02,121655,121655,【パーツリスト】背もたれ上部除く_HD-051_ヴィンテージブラック,,2HA2,理美容・ヘア,1,0,0,1,0,0,0,0,PC,2020/03/19 13:02:09

02,DC02,122498,122498,【シャビーシック】天然木製両面ドレッサーLOUISⅡ（上部） アンティークホワイ,,,,2,0,0,0,2,0,2,0,PC,2020/04/01 16:17:34

02,DC02,126816A,126816,【アウトレット】電動ラウンジチェアSISTA-シスタ- ダークブラウン,,2EL2,アイラッシュ,2,0,0,0,2,0,2,0,PC,2020/06/27 16:36:59

02,DC02,130265,130265,【シャビーシック】シャンプーキャビネットRENE-S（上部）BR,,2HA2,理美容・ヘア,5,0,0,0,5,0,5,0,PC,2020/06/18 17:15:02

02,DC02,130274,130274,【シャビーシック】シャンプーキャビネットRENE-S（下部） BR,,2HA2,理美容・ヘア,52,0,0,0,52,0,52,0,PC,2020/06/27 16:00:55

02,DC02,130276,130276,【シャビーシック】天然木製サイドシャンプーキャビネットRENE-S（下部のみ）L,,2HA2,理美容・ヘア,31,0,0,0,31,0,31,0,PC,2020/06/19 13:51:54

02,DC02,130684,130684,【シャビーシック】天然木製サイドシャンプーキャビネットRENE-S（上部のみ）W,,2HA2,理美容・ヘア,13,0,0,0,13,0,13,0,PC,2020/06/18 17:17:28

02,DC02,130685,130685,【シャビーシック】天然木製サイドシャンプーキャビネットRENE-S（下部）WH,,2HA2,理美容・ヘア,20,0,0,0,20,0,20,0,PC,2020/07/09 14:01:26

02,DC02,4538634321186,XK-0259N,SAV-110KP,,2HA2,理美容・ヘア,9,0,0,0,9,10,19,0,PC,2020/07/02 17:22:33

02,DC02,4538634800841,XK-0271N,SAV-110KP用3mホース,,2HA2,理美容・ヘア,9,0,0,0,9,0,9,0,PC,2020/07/02 14:57:08

02,DC02,4560441252124,MI-1403P,【スタイリングウォールミラー】ブロンズウッド ブロンズ (ノーマルサイズ),,2HA2,理美容・ヘア,128,0,0,0,128,0,128,0,PC,2020/07/29 17:03:12

02,DC02,4560441252162,MI-1395P,【スタイリングウォールミラー】アンティークゴールド (ノーマルサイズ),,2HA2,理美容・ヘア,66,0,0,0,66,0,66,0,PC,2020/07/27 17:16:29

02,DC02,4560441256054,DE-2278P,スタンダードエステベッドF-201（有孔）,,2ES2,エステティック,27,0,0,0,27,0,27,0,PC,2020/07/31 15:25:52

02,DC02,4560441256061,DE-2276P,スタンダードエステベッドF-201（無孔）,,2ES2,エステティック,29,0,0,0,29,0,29,0,PC,2020/08/04 14:14:50

02,DC02,4560441256078,DE-2274P,スタンダードエステベッドF-201（有孔）,,2ES2,エステティック,29,0,0,0,29,0,29,0,PC,2020/08/04 14:14:22

02,DC02,4560441256092,DE-1939P,低反発ワイドエステベッドF-201S（有孔）,,2ES2,エステティック,3,0,0,0,3,0,3,0,PC,2020/03/10 15:40:43

02,DC02,4560441256108,DE-1873P,ワイドエステベッドF-201W（有孔）,,2ES2,エステティック,20,0,0,0,20,0,20,0,PC,2020/08/03 13:56:18

02,DC02,4560441256115,DE-1874P,ワイドエステベッドF-201W（無孔）,,2ES2,エステティック,35,1,0,0,34,0,34,0,PC,2020/08/03 16:49:35

02,DC02,4560441256436,DM-8806P,手動昇降マッサージベッドDX（フェイスマット・アームレスト付）,,2ES2,エステティック,43,0,0,0,43,0,43,121,PC,2020/08/03 14:18:00

02,DC02,4560441256443,DM-8804P,手動昇降マッサージベッドDX（フェイスマット・アームレスト付）,,2ES2,エステティック,10,0,0,0,10,0,10,0,PC,2020/08/04 16:16:26

02,DC02,4560441256559,DK-0966P,カイロベッドC-263,,2ES2,エステティック,7,0,0,0,7,0,7,0,PC,2020/08/04 16:19:38

02,DC02,4560441256566,DK-0964P,カイロベッドC-263,,2ES2,エステティック,22,0,0,0,22,0,22,0,PC,2020/07/29 14:24:57

02,DC02,4560441257501,AT-0194P,スタンダードネイルテーブル,,2NA2,ネイル,66,0,0,0,66,50,116,0,PC,2020/08/03 16:55:32

02,DC02,4560441257525,AT-0192P,スタンダードネイルテーブル,,2NA2,ネイル,55,0,0,0,55,0,55,0,PC,2020/07/22 13:19:37

02,DC02,4560441258201,XK-0057P,A型両面サイン(M)(磁性なし・マーカータイプ),,2HA2,理美容・ヘア,93,0,0,0,93,0,93,131,PC,2020/07/22 13:30:21

02,DC02,4560441258218,XK-0059P,A型両面サイン(L)(磁性有り・マーカータイプ),,2HA2,理美容・ヘア,1,0,0,0,1,0,1,54,PC,2019/12/03 14:41:25

02,DC02,4560441258225,XK-0063P,A型両面サイン(L)(磁性有り・マーカータイプ),,2HA2,理美容・ヘア,9,1,1,0,8,0,8,174,PC,2020/08/04 13:52:49

02,DC02,4560441258232,XK-0061P,A型両面サイン(L)(磁性有り・マーカータイプ),,2HA2,理美容・ヘア,32,0,0,0,32,0,32,83,PC,2020/08/03 15:02:48

02,DC02,4560441258263,XK-0069P,大型木製イーゼル(ミラー対応),,2HA2,理美容・ヘア,40,0,0,0,40,0,40,17,PC,2020/08/03 13:59:33

02,DC02,4560441259666,MI-1574P,【スタイリングウォールミラー】ダークブラウン,,2HA2,理美容・ヘア,52,0,0,0,52,0,52,0,PC,2020/08/03 17:32:22

02,DC02,4560441261140,AW-0078P,フットケアステージHD-010,,2NA2,ネイル,2,0,0,0,2,0,2,72,PC,2020/05/19 16:26:05

02,DC02,4560441261256,AT-0255P,ネイルテーブル シングルキャビネットBasic,,2NA2,ネイル,2,0,0,0,2,0,2,130,PC,2019/04/04 16:43:01

02,DC02,4560441261409,AT-0466P,ネイルテーブル シングルキャビネットBasic（脚部）,,2NA2,ネイル,2,0,0,0,2,0,2,0,PC,2019/04/04 16:42:51

02,DC02,4560441261416,AS-1294P,ラグジュアリーネイルチェア,,2NA2,ネイル,24,0,0,0,24,0,24,125,PC,2020/07/29 13:07:27

02,DC02,4560441261430,AS-1298P,スマートネイルチェア,,2NA2,ネイル,22,0,0,0,22,0,22,119,PC,2020/07/31 13:30:23

02,DC02,4560441261447,AS-1300P,スマートネイルチェア,,2NA2,ネイル,37,0,0,0,37,0,37,39,PC,2020/07/06 13:39:48

02,DC02,4560441261584,XG-2866P,ハイパーエステワゴン(ボール付）,,2ES2,エステティック,25,0,0,0,25,4,29,38,PC,2020/08/03 14:19:41

02,DC02,4560441262680,BO-0143P,コンパクト泡沫シャワーヘッド ブラック,,2HA2,理美容・ヘア,2,0,0,0,2,0,2,68,PC,2020/05/19 16:21:50

02,DC02,4560441263335,XG-2927P,ストレージワゴンT618（組立済/7段/ホイールキャスター仕様）,,2HA2,理美容・ヘア,88,2,1,0,86,0,86,97,PC,2020/08/03 16:34:26

02,DC02,4560441264042,DP-1856P,高級ワイド木製折りたたみベッド006WDX（ダークグリーン）,,2ES2,エステティック,1,0,0,0,1,0,1,47,PC,2020/04/03 17:46:14

02,DC02,4560441264059,DP-1852P,高級ワイド木製折りたたみベッド006WDX（ダークブラウン）,,2ES2,エステティック,9,0,0,0,9,5,14,156,PC,2020/07/30 14:16:57

02,DC02,4560441264066,DP-1854P,高級ワイド木製折りたたみベッド006WDX（ベージュ）,,2ES2,エステティック,34,0,0,0,34,0,34,60,PC,2020/08/04 14:25:37

02,DC02,4560441264073,DP-1858P,高級低反発木製折りたたみベッド006SDX（ダークブラウン）,,2ES2,エステティック,41,0,0,0,41,0,41,128,PC,2020/07/21 13:52:18

02,DC02,4560441264097,DP-1860P,高級低反発木製折りたたみベッド006SDX（ベージュ）,,2ES2,エステティック,22,0,0,0,22,44,66,84,PC,2020/08/04 14:27:41

02,DC02,4560441264103,DP-1866P,高級低反発木製折りたたみリクライニングベッド009SDX（ダークブラウン）,,2ES2,エステティック,16,0,0,0,16,14,30,152,PC,2020/08/04 14:28:48

02,DC02,4560441264110,DP-1868P,高級低反発木製折りたたみリクライニングベッド009SDX（ベージュ）,,2ES2,エステティック,12,0,0,0,12,20,32,65,PC,2020/08/04 14:28:19

02,DC02,4560441264127,DP-1848P,高級木製折りたたみベッド006DX（ダークグリーン）,,2ES2,エステティック,2,0,0,0,2,0,2,35,PC,2020/07/06 14:43:36

02,DC02,4560441264141,DP-1844P,高級木製折りたたみベッド006DX（ダークブラウン）,,2ES2,エステティック,35,1,1,0,34,59,93,257,PC,2020/08/03 10:45:21

02,DC02,4560441264165,DP-1846P,高級木製折りたたみベッド006DX（ベージュ）,,2ES2,エステティック,29,0,0,0,29,0,29,110,PC,2020/08/03 10:49:32

02,DC02,4560441264189,DP-1862P,高級木製折りたたみリクライニングベッド009DX（ダークブラウン）,,2ES2,エステティック,43,0,0,0,43,0,43,84,PC,2020/08/04 14:26:34

02,DC02,4560441264196,DP-1864P,高級木製折りたたみリクライニングベッド009DX（ベージュ）,,2ES2,エステティック,26,0,0,0,26,0,26,33,PC,2020/07/31 13:55:19

02,DC02,4560441264806,MI-1551P,【スタイリングウォールミラー】ダークウッド (ノーマルタイプ),,2HA2,理美容・ヘア,77,0,0,0,77,0,77,0,PC,2020/07/20 15:42:30

02,DC02,4560441267456,XG-3222P,ラスティック3段ワゴン（天然木・組立済）ブラウン,,2HA2,理美容・ヘア,276,3,3,0,273,0,273,0,PC,2020/07/17 18:16:42

02,DC02,4560441267463,XG-3224P,ラスティック3段ワゴン（天然木・組立済）ダークブラウン,,2ES2,エステティック,83,0,0,0,83,0,83,0,PC,2020/07/27 14:35:54

02,DC02,4560441267920,BO-0180P,排水ホースセット1500 グレー,,2HA2,理美容・ヘア,290,9,3,0,281,0,281,27,PC,2020/08/04 16:32:25

02,DC02,4560441267937,DE-2671P,高通気性低反発ベッド CLAIRE（クレア）,,2ES2,エステティック,24,0,0,0,24,0,24,117,PC,2020/07/31 17:41:48

02,DC02,4560441267944,AS-1349P,ラグジュアリーネイルチェア,,2NA2,ネイル,16,0,0,0,16,0,16,40,PC,2020/08/03 17:34:14

02,DC02,4560441268071,ST-2051P,ウェーブスツールDX ブラック,,2HA2,理美容・ヘア,0,0,0,0,0,75,75,59,PC,1900/01/01 00:00:00

02,DC02,4560441268378,PD-0234P,Wave Master（ウェーブマスター） レッド,,2HA2,理美容・ヘア,7,0,0,0,7,0,7,0,PC,2020/01/07 15:26:21

02,DC02,4560441268545,DO-0607P,有孔スタンダードマッサージベッドS-5DX（W65本体のみ）,,2ES2,エステティック,60,0,0,0,60,0,60,90,PC,2020/07/31 10:54:09

02,DC02,4560441268552,DO-0608P,有孔スタンダードマッサージベッドS-5DX（W65本体のみ）,,2ES2,エステティック,12,0,0,0,12,0,12,415,PC,2020/08/03 15:09:49

02,DC02,4560441268576,DO-0610P,有孔ワイドマッサージベッドW-5DX（W70本体のみ）,,2ES2,エステティック,1,0,0,0,1,0,1,316,PC,2020/07/15 15:12:08

02,DC02,4560441268606,DO-0597P,高さ50cm用脚部（S-5DX/W-5DX/K-5DX/CARNA用）,,2ES2,エステティック,95,0,0,0,95,0,95,207,PC,2020/07/31 14:29:45

02,DC02,4560441268613,DO-0598P,高さ50cm用脚部（S-5DX/W-5DX/K-5DX/CARNA用）,,2ES2,エステティック,69,0,0,0,69,0,69,162,PC,2020/08/04 16:40:30

02,DC02,4560441268620,DO-0599P,高さ55cm用脚部（S-5DX/W-5DX/K-5DX/CARNA用）,,2ES2,エステティック,97,1,0,0,96,0,96,177,PC,2020/07/30 14:58:27

02,DC02,4560441268637,DO-0600P,高さ55cm用脚部（S-5DX/W-5DX/K-5DX/CARNA用）,,2ES2,エステティック,77,0,0,0,77,0,77,219,PC,2020/07/31 14:30:15

02,DC02,4560441268644,DO-0601P,高さ60cm用脚部（S-5DX/W-5DX/K-5DX/CARNA用）,,2ES2,エステティック,83,0,0,0,83,0,83,154,PC,2020/07/30 15:07:00

02,DC02,4560441268651,DO-0602P,高さ60cm用脚部（S-5DX/W-5DX/K-5DX/CARNA用）,,2ES2,エステティック,86,0,0,0,86,0,86,106,PC,2020/08/03 14:30:26

02,DC02,4560441268668,DM-9317P,手動昇降リクライニングベッドDX（フェイスマット付）,,2ES2,エステティック,1,0,0,0,1,0,1,83,PC,2020/07/31 10:39:29

02,DC02,4560441268675,DM-9315P,手動昇降リクライニングベッドDX（フェイスマット付）,,2ES2,エステティック,18,0,0,0,18,0,18,37,PC,2020/07/29 14:50:33

02,DC02,4560441268682,DM-9322P,電動昇降リクライニングベッドEX（オメガ式・フェイスマット付）,,2ES2,エステティック,11,1,0,0,10,0,10,0,PC,2020/07/31 14:13:44

02,DC02,4560441268699,DM-9320P,電動昇降リクライニングベッドEX ダークブラウン（オメガ式・フェイスマット付）,,2ES2,エステティック,22,0,0,0,22,16,38,0,PC,2020/08/04 16:10:07

02,DC02,4560441268934,PO-0444P,Swing Belle （スイングベル・ベース） ブラウン,,2HA2,理美容・ヘア,43,1,1,0,42,0,42,0,PC,2020/08/03 13:53:14

02,DC02,4560441268989,PO-0222P,Swing Belle （スイングベル・ベース） ホワイト,,2HA2,理美容・ヘア,21,0,0,0,21,0,21,0,PC,2020/08/04 10:54:19

02,DC02,4560441268996,PO-0225P,Swing Belle （スイングベル・ベース） ブラック,,2HA2,理美容・ヘア,36,0,0,0,36,0,36,0,PC,2020/07/27 13:26:09

02,DC02,4560441269009,PO-0227P,Swing Belle （スイングベル・ベース） シルバー,,2HA2,理美容・ヘア,21,0,0,0,21,0,21,0,PC,2020/08/04 10:53:06

02,DC02,4560441269016,PO-0439P,Swing Belle （スイングベル・ベース） ウォールナット,,2HA2,理美容・ヘア,6,0,0,0,6,0,6,0,PC,2020/07/29 16:53:46

02,DC02,4560441269047,PO-0430P,Wave Master（ウェーブマスター）ベース,,2HA2,理美容・ヘア,16,0,0,0,16,0,16,0,PC,2020/03/02 11:27:50

02,DC02,4560441269092,PO-0442P,SwingTouch3D（スイングタッチ）ベース ブラウン,,2HA2,理美容・ヘア,4,0,0,0,4,0,4,0,PC,2020/08/03 15:34:03

02,DC02,4560441269115,PO-0448P,SwingTouch3D（スイングタッチ）ベース ガンメタリック,,2HA2,理美容・ヘア,7,0,0,0,7,0,7,0,PC,2020/08/04 11:16:18

02,DC02,4560441269382,DO-0603P,高さ65cm用脚部（S-5DX/W-5DX/K-5DX/CARNA用）,,2ES2,エステティック,30,0,0,0,30,0,30,0,PC,2020/07/06 15:51:13

02,DC02,4560441269399,DO-0604P,高さ65cm用脚部（S-5DX/W-5DX/K-5DX/CARNA用）,,2ES2,エステティック,36,2,2,0,34,0,34,37,PC,2020/08/03 14:32:25

02,DC02,4560441269405,DO-0605P,高さ70cm用脚部（S-5DX/W-5DX/K-5DX/CARNA用）,,2ES2,エステティック,8,0,0,0,8,76,84,40,PC,2020/08/03 14:30:55

02,DC02,4560441269412,DO-0606P,高さ70cm用脚部（S-5DX/W-5DX/K-5DX/CARNA用）,,2ES2,エステティック,27,0,0,0,27,0,27,39,PC,2020/08/03 14:31:38

02,DC02,4571308044165,SO-4891P,ステンレス丸盤ベースHD-2M,,2HA2,理美容・ヘア,369,22,9,0,347,153,500,3,PC,2020/08/04 11:29:54

02,DC02,4573191230489,DX-1579P,電動ラウンジチェア SHIFFON Jr （シフォンジュニア）（ダークブラウン）,,2ES2,エステティック,51,5,1,0,46,0,46,127,PC,2020/08/04 17:08:49

02,DC02,4573191231424,AW-0113P,フットケアステージHD-010,,2NA2,ネイル,1,0,0,0,1,0,1,2,PC,2020/05/19 16:25:43

02,DC02,4573191233107,YC-0002P,リクライニングチェアステージホワイト,,2EL2,アイラッシュ,1,0,0,0,1,0,1,14,PC,2020/05/19 16:25:55

02,DC02,4573191233183,DO-0643P,【CARNA-S】有孔低反発スタンダードマッサージベッド「カルナS」（W65本体,,2ES2,エステティック,1,0,0,0,1,0,1,0,PC,2020/05/18 11:40:21

02,DC02,4573191233190,DO-0644P,【CARNA-S】有孔低反発スタンダードマッサージベッド「カルナS」（W65本体,,2ES2,エステティック,21,2,2,0,19,0,19,0,PC,2020/07/31 14:30:15

02,DC02,4573191233213,DO-0646P,【CARNA-W】有孔低反発ワイドマッサージベッド「カルナW」（W70本体のみ）,,2ES2,エステティック,1,0,0,0,1,0,1,0,PC,2020/07/30 14:58:27

02,DC02,4573191233220,DO-0647P,【CARNA-K】有孔低反発キングマッサージベッド「カルナK」（W75本体のみ）,,2ES2,エステティック,1,0,0,0,1,0,1,0,PC,2020/01/14 14:15:03

02,DC02,4573191233237,DO-0648P,【CARNA-K】有孔低反発キングマッサージベッド「カルナK」（W75本体のみ）,,2ES2,エステティック,1,0,0,0,1,0,1,0,PC,2020/08/03 14:31:38

02,DC02,4573191233473,AS-1404P,Laluce（ラルーチェ）スツール,,2NA2,ネイル,20,0,0,0,20,0,20,0,PC,2020/06/11 13:08:29

02,DC02,4573191233503,BS-1752P,シャンプーボール「S-GRANDE α,,,,30,0,0,0,30,0,30,0,PC,2020/07/31 13:33:12

02,DC02,4573191233527,BS-1756P,シャンプーボール「S-GRANDE β,,2HA2,理美容・ヘア,58,0,0,0,58,0,58,0,PC,2020/06/29 15:48:48

02,DC02,4573191233534,BS-1798P,シャンプースタンド（本体） ブラック/ブラック,,2HA2,理美容・ヘア,3,1,1,0,2,0,2,1,PC,2020/07/28 11:41:52

02,DC02,4573191233541,BS-1852P,移動シャンプーボール【LEO-S】 ブラック,,2HA2,理美容・ヘア,1,0,0,0,1,0,1,10,PC,2020/06/08 10:48:05

02,DC02,4573191233589,CE-1536P,マクラ付移動シャンプーチェア【LEO】,,2HA2,理美容・ヘア,8,0,0,0,8,0,8,9,PC,2020/08/04 17:52:58

02,DC02,4573191233626,DX-1388P,ラウンジチェア（オットマン付）BT-7222（ダークブラウン）,,2ES2,エステティック,16,0,0,0,16,8,24,55,PC,2020/08/04 17:10:18

02,DC02,4573191233633,DX-1394P,ラウンジチェア（オットマン付）BT-7222（アイボリー）,,2ES2,エステティック,19,0,0,0,19,0,19,52,PC,2020/08/04 17:11:51

02,DC02,4573191233640,DX-1421P,ラウンジチェアDX（レッグレスト連動タイプ）（アイボリー）,,2ES2,エステティック,40,3,3,0,37,0,37,145,PC,2020/07/31 13:09:05

02,DC02,4573191233695,KO-1486P,SPAZIO MACARO用シャンプースタンド（本体） ブラック,,2HA2,理美容・ヘア,46,0,0,0,46,0,46,0,PC,2020/07/06 10:03:56

02,DC02,4573191233787,MI-1555P,【スタイリングウォールミラー】ブロンズウッド（全身タイプ）,,2HA2,理美容・ヘア,67,0,0,0,67,0,67,109,PC,2020/08/04 16:36:57

02,DC02,4573191233800,RE-0821P,OLDEST-S（オールデスト エス） オールドブラウン,,2HA2,理美容・ヘア,17,1,1,0,16,0,16,34,PC,2020/06/26 13:38:37

02,DC02,4573191233916,SO-4873P,【ラグジュアリー】スタイリングチェア WINDSOR（ウィンザー・トップ） オー,,2HA2,理美容・ヘア,0,0,0,0,0,7,7,56,PC,1900/01/01 00:00:00

02,DC02,4573191233985,SO-0048P,ステンレス丸盤ベースHD-2,,2HA2,理美容・ヘア,1,0,0,0,1,0,1,8,PC,2020/01/07 15:26:21

02,DC02,4573191233992,SO-0050P,ステンレス丸盤ベース（大径タイプ）HD-3M,,2HA2,理美容・ヘア,113,4,0,0,109,0,109,0,PC,2020/08/04 18:09:05

02,DC02,4573191234036,SO-4491P,丸盤ベース（太ポンプ）BK-7,,2HA2,理美容・ヘア,44,0,0,0,44,0,44,3,PC,2020/08/04 14:11:29

02,DC02,4573191234043,SO-4492P,5本脚ベースBK-5,,2HA2,理美容・ヘア,19,0,0,0,19,0,19,139,PC,2020/07/16 13:20:24

02,DC02,4573191234050,SO-4493P,【アーバン】スタイリングチェア ALVIN（トップ） ブラック,,2HA2,理美容・ヘア,16,0,0,0,16,0,16,43,PC,2020/07/02 10:33:55

02,DC02,4573191234067,SO-4494P,【アーバン】スタイリングチェア ALVIN（トップ） ダークブラウン,,2HA2,理美容・ヘア,31,0,0,0,31,0,31,90,PC,2020/06/23 11:45:03

02,DC02,4573191234081,SO-4499P,丸盤ベースMC-2,,2HA2,理美容・ヘア,71,1,0,0,70,45,115,264,PC,2020/08/04 16:36:57

02,DC02,4573191234357,SO-5183P,5本脚ベースMC-3,,2HA2,理美容・ヘア,91,4,4,0,87,0,87,248,PC,2020/08/04 10:08:54

02,DC02,4573191234401,AS-1344P,電動リクライニングチェア PORTE（ポルテ）,,2NA2,ネイル,0,0,0,0,0,8,8,3,PC,1900/01/01 00:00:00

02,DC02,4573191234432,BS-1527P,シャンプースタンド（本体） ホワイト/ブラック,,2HA2,理美容・ヘア,17,10,3,0,7,41,48,0,PC,2020/08/04 15:09:30

02,DC02,4573191234456,BS-1758P,シャンプーボール「S-GRANDE β,,2HA2,理美容・ヘア,1,0,0,0,1,0,1,0,PC,2020/01/05 18:13:16

02,DC02,4573191234470,BS-1854P,サーモ金具セットMW-240BG-120-21CC,,2HA2,理美容・ヘア,1,0,0,0,1,0,1,57,PC,2020/01/07 15:26:21

02,DC02,4573191234791,CO-0024P,レッグレストカバー（電動シャンプーチェアALVIN専用）,,2HA2,理美容・ヘア,12,0,0,0,12,0,12,0,PC,2019/12/16 11:58:29

02,DC02,4573191234852,DE-2280P,スタンダードエステベッドF-201（無孔）,,2ES2,エステティック,10,0,0,0,10,0,10,0,PC,2020/08/03 10:31:57

02,DC02,4573191234869,DM-8657P,【FIORETTO】低反発木製リクライニングベッド「フィオレット」,,2ES2,エステティック,8,0,0,0,8,0,8,0,PC,2020/08/04 16:23:17

02,DC02,4573191234890,DM-8913P,【FIORETTO】低反発木製リクライニングベッド「フィオレット」,,2ES2,エステティック,9,0,0,0,9,0,9,0,PC,2020/08/04 16:24:14

02,DC02,4573191234906,DM-9263P,【FAGGIO】高級木製マッサージベッド「ファッジオ」ダークブラウン,,2ES2,エステティック,11,0,0,0,11,0,11,44,PC,2020/08/04 16:22:34

02,DC02,4573191234920,DP-1368P,軽量木製折りたたみベッド EB-03（キャリーバッグ付） （ホワイト）,,2ES2,エステティック,66,0,0,0,66,10,76,0,PC,2020/08/04 14:32:24

02,DC02,4573191234937,DP-1370P,軽量木製折りたたみベッド EB-03（キャリーバッグ付） （ダークブラウン）,,2ES2,エステティック,176,1,1,0,175,0,175,0,PC,2020/08/04 14:38:06

02,DC02,4573191234944,DP-1472P,超軽量折りたたみリクライニングベッドPRO-LIGHT（キャリーバッグ付）,,2ES2,エステティック,46,0,0,0,46,0,46,0,PC,2020/08/04 14:31:59

02,DC02,4573191234951,DP-1474P,超軽量折りたたみリクライニングベッドPRO-LIGHT（キャリーバッグ付）,,2ES2,エステティック,92,0,0,0,92,0,92,0,PC,2020/08/04 17:47:27

02,DC02,4573191235002,DX-1415P,ラウンジチェアDX（レッグレスト連動タイプ）（ダークブラウン）,,2ES2,エステティック,84,0,0,0,84,0,84,143,PC,2020/08/04 17:12:43

02,DC02,4573191235019,DX-1418P,ラウンジチェアDX（レッグレスト連動タイプ）（ブラック）,,2ES2,エステティック,35,0,0,0,35,1,36,48,PC,2020/07/31 16:50:41

02,DC02,4573191235026,DX-1472P,電動ラウンジチェア SHIFFON（シフォン）（ダークブラウン）,,2ES2,エステティック,130,2,2,0,128,50,178,107,PC,2020/08/04 13:32:54

02,DC02,4573191235446,MI-1397P,【スタイリングウォールミラー】アンティークシャンパンゴールド (ノーマルサイズ),,2HA2,理美容・ヘア,135,0,0,0,135,0,135,0,PC,2020/08/03 14:01:50

02,DC02,4573191235453,MI-1399P,【スタイリングウォールミラー】オールドブラウン (ノーマルサイズ),,2HA2,理美容・ヘア,190,5,5,0,185,0,185,0,PC,2020/08/04 17:27:35

02,DC02,4573191235460,MI-1401P,【スタイリングウォールミラー】オールドナチュラル (ノーマルサイズ),,2HA2,理美容・ヘア,208,0,0,0,208,0,208,0,PC,2020/08/04 17:28:45

02,DC02,4573191235507,MI-1554P,【スタイリングウォールミラー】アンティークゴールド（全身タイプ）,,2HA2,理美容・ヘア,62,5,5,0,57,0,57,89,PC,2020/08/04 16:36:47

02,DC02,4573191235651,PO-0393P,Wave Master（ウェーブマスター）ベース ブラック,,2HA2,理美容・ヘア,1,0,0,0,1,0,1,0,PC,2020/03/10 15:40:32

02,DC02,4573191235866,SO-0009P,【アーバン】スタイリングチェア ALVIN（トップ） オフホワイト,,2HA2,理美容・ヘア,2,0,0,0,2,0,2,53,PC,2020/07/08 11:19:58

02,DC02,4573191235880,SO-0026P,BKH-1000U 170Sベース（S-8330用）,,2HA2,理美容・ヘア,178,0,0,0,178,50,228,39,PC,2020/08/03 09:58:35

02,DC02,4573191235897,SO-0028P,丸盤ベースBK-1,,2HA2,理美容・ヘア,37,0,0,0,37,0,37,77,PC,2020/07/07 13:12:32

02,DC02,4573191236023,SO-5186P,【ヴィンテージ】スタイリングチェアROCOCO（ロココ・トップ）,,2HA2,理美容・ヘア,1,0,0,0,1,0,1,2,PC,2019/09/16 13:01:35

02,DC02,4573191236160,SO-5241P,5本脚ベースHD-7M,,2HA2,理美容・ヘア,741,47,19,0,694,743,1437,0,PC,2020/08/04 18:10:20

02,DC02,4573191236177,SO-5243P,丸盤ベースHD-1M,,2HA2,理美容・ヘア,185,4,0,0,181,101,282,0,PC,2020/08/04 13:11:08

02,DC02,4573191236184,SO-5245P,丸盤ベースHD-4M（DB） ダークブラウン,,2HA2,理美容・ヘア,44,5,5,0,39,30,69,0,PC,2020/08/04 10:51:47

02,DC02,4573191236191,SO-5247P,丸盤ベースHD-4M（BK） ブラック,,2HA2,理美容・ヘア,41,2,0,0,39,67,106,0,PC,2020/08/04 13:17:04

02,DC02,4573191236207,SO-5249P,丸盤ベースHD-4M（W） ホワイト,,2HA2,理美容・ヘア,20,0,0,0,20,0,20,0,PC,2020/08/03 13:43:49

02,DC02,4573191236351,XG-2270P,【TOUGH DESIGN PRODUCT】 ロートアイアンワゴン（組立済）,,2ES2,エステティック,6,0,0,0,6,0,6,0,PC,2020/08/03 11:43:54

02,DC02,4573191236481,KO-1696P,手動リラクゼーションシャンプーユニットROBIN（本体） ヴィンテージブラウン,,2HA2,理美容・ヘア,26,0,0,0,26,0,26,0,PC,2020/07/31 17:36:11

02,DC02,4573191236511,KO-1697P,バックシャンプー用フットレスト,,2HA2,理美容・ヘア,5,0,0,0,5,0,5,0,PC,2020/08/04 15:15:58

02,DC02,4573191236603,DM-9052P,【FAGGIO】高級木製マッサージベッド「ファッジオ」ベージュ,,2ES2,エステティック,32,1,1,0,31,0,31,35,PC,2020/07/20 15:01:28

02,DC02,4573191236627,AT-0035P,折りたたみネイルテーブルC-2726,,2NA2,ネイル,26,0,0,0,26,0,26,0,PC,2020/08/04 10:02:06

02,DC02,4573191236634,AT-0037P,折りたたみネイルテーブルC-2726,,2NA2,ネイル,14,0,0,0,14,0,14,0,PC,2020/07/27 13:30:53

02,DC02,4573191236719,ST-2308P,シェイパースツール,,2HA2,理美容・ヘア,1,0,0,0,1,0,1,0,PC,2020/07/29 16:17:03

02,DC02,4573191236870,DX-1608P,電動ラウンジチェア SHIFFON Jr （シフォンジュニア）（ブラック）,,2ES2,エステティック,6,4,2,0,2,0,2,0,PC,2020/08/03 13:16:42

02,DC02,4573191236931,RE-0879P,OLDEST-S（オールデスト エス） ブラック,,2HA2,理美容・ヘア,24,0,0,0,24,0,24,0,PC,2020/08/03 16:45:38

02,DC02,4573191236986,DP-2038P,高級低反発ワイド木製折りたたみベッド006SWDX（ダークブラウン）,,2ES2,エステティック,47,1,1,0,46,0,46,0,PC,2020/08/04 14:27:05

02,DC02,4573191236993,DP-2040P,高級低反発ワイド木製折りたたみベッド006SWDX（ベージュ）,,2ES2,エステティック,28,0,0,0,28,0,28,0,PC,2020/08/03 14:00:40

02,DC02,4573191237006,SO-5266P,丸盤ベースMC-2（W） ホワイト,,2HA2,理美容・ヘア,1,0,0,0,1,0,1,0,PC,2019/11/09 10:21:06

02,DC02,4573191237013,SO-5267P,丸盤ベースMC-2（BK） ブラック,,2HA2,理美容・ヘア,112,0,0,0,112,0,112,0,PC,2020/08/04 15:51:11

02,DC02,4573191237051,DM-9462P,電動昇降マッサージベッドEX（フェイスマット・アームレスト付）,,2ES2,エステティック,1,0,0,0,1,20,21,0,PC,2020/07/30 14:38:22

02,DC02,4573191237068,DM-9464P,電動昇降マッサージベッドEX（フェイスマット・アームレスト付）,,2ES2,エステティック,2,1,0,0,1,0,1,0,PC,2020/08/04 16:19:13

02,DC02,4573191237082,AS-1410P,シンプルネイルチェア（リクライニング機能付）,,2NA2,ネイル,66,0,0,0,66,0,66,0,PC,2020/08/03 14:57:33

02,DC02,4573191237099,AS-1411P,シンプルネイルチェア（リクライニング機能付）,,2NA2,ネイル,77,0,0,0,77,4,81,0,PC,2020/07/27 10:26:29

02,DC02,4573191237112,DX-1638P,ラウンジチェアDXⅡ（ダークブラウン）,,2ES2,エステティック,113,0,0,0,113,3,116,0,PC,2020/08/04 13:35:49

02,DC02,4573191237143,AS-1416P,電動リクライニングチェアFran(フラン),,2NA2,ネイル,18,4,0,0,14,0,14,0,PC,2020/06/30 17:10:10

02,DC02,4573191237150,AS-1417P,電動リクライニングチェアFran(フラン),,2NA2,ネイル,1,0,0,0,1,5,6,0,PC,2020/07/28 14:24:40

02,DC02,4573191237167,EV-2794P,フェイシャルスチーマー MA-004 （50hz),,2ES2,エステティック,210,0,0,0,210,0,210,0,PC,2020/08/03 16:36:47

02,DC02,4573191237174,EV-2812P,フェイシャルスチーマー MA-004 （60hz),,2ES2,エステティック,194,0,0,0,194,0,194,0,PC,2020/08/04 13:24:11

02,DC02,4573191237181,MI-1843P,【スタイリングウォールミラー】オールドナチュラル (Sサイズ),,2HA2,理美容・ヘア,77,4,0,0,73,0,73,0,PC,2020/08/04 14:18:20

02,DC02,4573191237198,MI-1844P,【スタイリングウォールミラー】アンティークシャンパンゴールド (Sサイズ),,2HA2,理美容・ヘア,106,0,0,0,106,0,106,0,PC,2020/07/29 13:44:43

02,DC02,4573191237204,MI-1845P,【スタイリングウォールミラー】オールドブラウン（Sサイズ）,,2HA2,理美容・ヘア,95,0,0,0,95,0,95,0,PC,2020/08/03 13:38:17

02,DC02,4573191237266,DM-9460P,【FERIQUE】高級低反発木製リクライニングベッド「フェリーク」,,2ES2,エステティック,14,0,0,0,14,0,14,0,PC,2020/07/31 15:03:57

02,DC02,4573191237310,AO-0056P,コーデネイルテーブル（TOP_Na）,,2NA2,ネイル,5,0,0,0,5,0,5,0,PC,2020/07/29 16:17:49

02,DC02,4573191238454,AT-0390P,ソファ用ネイルテーブルB06(キャスター付き),,2NA2,ネイル,3,0,0,0,3,0,3,0,PC,2020/07/02 17:22:25

02,DC02,4573191239338,DX-1651P,電動ラウンジチェア SHIFFON（シフォン）（ホワイト）,,2ES2,エステティック,134,1,1,0,133,78,211,0,PC,2020/08/04 17:16:08

02,DC02,4573191239345,DX-1652P,電動ラウンジチェア SHIFFON Jr （シフォンジュニア）（ホワイト）,,2ES2,エステティック,181,12,5,0,169,0,169,0,PC,2020/08/04 17:19:09

02,DC02,4573191239390,KO-1707P,リラクゼーションシャンプーユニットD903（本体） ヴィンテージブラウン,,2HA2,理美容・ヘア,27,2,0,0,25,0,25,0,PC,2020/08/03 09:18:33

02,DC02,4573191239536,CD-4094P,【TOUGH DESIGN PRODUCT】D103 キャメル,,2HA2,理美容・ヘア,4,3,0,0,1,0,1,0,PC,2020/08/03 09:50:18

02,DC02,4573191239543,CD-4095P,【TOUGH DESIGN PRODUCT】D103 ボルドーブラウン,,2HA2,理美容・ヘア,18,0,0,0,18,0,18,0,PC,2020/07/15 13:39:36

02,DC02,4573191239635,PO-0499P,Swing Belle （スイングベル・トップ） シルバー,,2HA2,理美容・ヘア,20,0,0,0,20,0,20,0,PC,2020/08/04 10:53:06

02,DC02,4573191239642,PO-0500P,Swing Belle （スイングベル・トップ） ブラック,,2HA2,理美容・ヘア,37,0,0,0,37,0,37,0,PC,2020/07/27 13:26:09

02,DC02,4573191239659,PO-0501P,Swing Belle （スイングベル・トップ） ホワイト,,2HA2,理美容・ヘア,23,0,0,0,23,0,23,0,PC,2020/08/04 10:54:19

02,DC02,4573191239666,PO-0502P,Swing Belle （スイングベル・トップ） ブラウン,,2HA2,理美容・ヘア,47,1,1,0,46,0,46,0,PC,2020/08/03 13:53:13

02,DC02,4573191239680,PO-0504P,SwingTouch3D（スイングタッチ）トップ ガンメタリック,,2HA2,理美容・ヘア,6,0,0,0,6,0,6,0,PC,2020/08/04 11:16:18

02,DC02,4573191239697,PO-0505P,SwingTouch3D（スイングタッチ）トップ ブラウン,,2HA2,理美容・ヘア,5,0,0,0,5,0,5,0,PC,2020/08/03 09:31:49

02,DC02,4573191239758,PO-0507P,Wave Master（ウェーブマスター）トップ,,2HA2,理美容・ヘア,16,0,0,0,16,0,16,0,PC,2020/03/02 11:27:50

02,DC02,4573191239772,PO-0509P,Wave Master（ウェーブマスター）トップ ブラウン,,2HA2,理美容・ヘア,5,0,0,0,5,0,5,0,PC,2020/08/03 11:32:18

02,DC02,4573191239888,MO-0005P,アンティークアイアンドレッサー（エイジング仕上げ）下部 アンティークシルバー,,2HA2,理美容・ヘア,76,0,0,0,76,0,76,0,PC,2020/07/29 13:28:49

02,DC02,4573191239901,MO-0007P,アンティークアイアンドレッサー（エイジング仕上げ）下部 アンティークゴールド,,2HA2,理美容・ヘア,26,4,2,0,22,0,22,0,PC,2020/08/04 15:21:55

02,DC02,4573191240112,MO-0009P,アンティークアイアンドレッサー（エイジング仕上げ）上部 アンティークゴールド,,2HA2,理美容・ヘア,23,4,2,0,19,0,19,0,PC,2020/08/04 15:21:55

02,DC02,4573191240129,MO-0010P,アンティークアイアンドレッサー（エイジング仕上げ）上部 アンティークシルバー,,2HA2,理美容・ヘア,75,0,0,0,75,0,75,0,PC,2020/08/04 15:35:48

02,DC02,4573191240440,BS-1942P,サーモ金具セットMW-240BG3-120-21CC-45,,2HA2,理美容・ヘア,47,16,4,0,31,0,31,0,PC,2020/08/04 16:32:25

02,DC02,4573191240457,BS-1943P,サーモ金具セットMW-240BG-120-21CC,,2HA2,理美容・ヘア,11,0,0,0,11,0,11,0,PC,2020/07/31 09:57:01

02,DC02,4573191240723,MI-1896P,【スタイリングウォールミラー】グレイッシュブルー（Sサイズ）,,2HA2,理美容・ヘア,186,1,0,0,185,0,185,0,PC,2020/07/31 13:37:10

02,DC02,4573191240747,MI-1898P,【スタイリングウォールミラー】アンティークブラウン（Sサイズ）,,2HA2,理美容・ヘア,96,0,0,0,96,0,96,0,PC,2020/07/30 16:14:16

02,DC02,4573191241256,AS-1459P,シンプルネイルチェア（リクライニング機能付）,,2NA2,ネイル,153,0,0,0,153,172,325,0,PC,2020/08/04 13:37:37

02,DC02,4573191241270,SO-5285P,【アーバン】スタイリングチェアHD-027（トップ） ダークブラウン,,2HA2,理美容・ヘア,113,0,0,0,113,0,113,0,PC,2020/08/03 11:37:45

02,DC02,4573191241287,SO-5286P,【アーバン】スタイリングチェアHD-027（トップ） アイボリー,,2HA2,理美容・ヘア,23,0,0,0,23,0,23,0,PC,2020/07/17 13:50:46

02,DC02,4573191241300,SO-5288P,【アーバン】スタイリングチェアHD-051（トップ） ヴィンテージブラウン,,2HA2,理美容・ヘア,77,0,0,0,77,10,87,0,PC,2020/08/04 11:29:54

02,DC02,4573191241317,SO-5289P,【アーバン】スタイリングチェアHD-051（トップ） ヴィンテージブラック,,2HA2,理美容・ヘア,40,0,0,0,40,20,60,0,PC,2020/07/30 10:44:23

02,DC02,4573191241324,SO-5290P,【アーバン】スタイリングチェアHD-051（トップ） キャメルブラウン,,2HA2,理美容・ヘア,28,3,0,0,25,15,40,0,PC,2020/08/04 11:29:54

02,DC02,4573191241331,SO-5291P,【アーバン】スタイリングチェアHD-059（トップ） ブラック,,2HA2,理美容・ヘア,23,8,0,0,15,10,25,0,PC,2020/07/27 10:51:58

02,DC02,4573191241348,SO-5292P,【アーバン】スタイリングチェアHD-059（トップ） ダークブラウン,,2HA2,理美容・ヘア,28,0,0,0,28,10,38,0,PC,2020/07/29 13:25:12

02,DC02,4573191241355,SO-5293P,【アーバン】スタイリングチェアHD-059（トップ） アイボリー,,2HA2,理美容・ヘア,22,0,0,0,22,20,42,0,PC,2020/08/04 13:52:18

02,DC02,4573191241379,SO-5295P,【アーバン】スタイリングチェアHD-025（トップ） キャメル×ダークブラウン,,2HA2,理美容・ヘア,20,0,0,0,20,18,38,0,PC,2020/07/07 10:33:40

02,DC02,4573191241386,SO-5296P,【アーバン】スタイリングチェアHD-025（トップ） ダークブラウン×ブラウン,,2HA2,理美容・ヘア,35,0,0,0,35,0,35,0,PC,2020/07/07 11:46:53

02,DC02,4573191241393,SO-5297P,【カフェラウンジ】スタイリングチェアHD-026（トップ） ダークブラウン,,2HA2,理美容・ヘア,33,0,0,0,33,10,43,0,PC,2020/07/31 09:47:50

02,DC02,4573191241409,SO-5298P,【カフェラウンジ】スタイリングチェアHD-026（トップ） ダークグリーン,,2HA2,理美容・ヘア,31,0,0,0,31,0,31,0,PC,2020/08/03 13:43:49

02,DC02,4573191241416,SO-5299P,【カフェラウンジ】スタイリングチェアHD-026（トップ） アイボリー,,2HA2,理美容・ヘア,69,0,0,0,69,75,144,0,PC,2020/07/26 16:32:36

02,DC02,4573191241423,SO-5300P,【カフェラウンジ】スタイリングチェアHD-6273（トップ） オフホワイト,,2HA2,理美容・ヘア,10,0,0,0,10,0,10,0,PC,2020/07/31 10:32:43

02,DC02,4573191241430,SO-5301P,【カフェラウンジ】スタイリングチェアHD-6273（トップ） ダークブラウン,,2HA2,理美容・ヘア,29,0,0,0,29,44,73,0,PC,2020/07/31 10:54:54

02,DC02,4573191241447,SO-5302P,【カフェラウンジ】スタイリングチェアHD-6273（トップ） ダークグリーン,,2HA2,理美容・ヘア,29,0,0,0,29,0,29,0,PC,2020/07/13 09:57:46

02,DC02,4573191241454,SO-5303P,【アーバン】スタイリングチェア SPRINGⅢ（トップ） ヴィンテージブラック,,2HA2,理美容・ヘア,24,2,0,0,22,0,22,0,PC,2020/07/27 17:53:57

02,DC02,4573191241461,SO-5304P,【アーバン】スタイリングチェア SPRINGⅢ（トップ） オフホワイト,,2HA2,理美容・ヘア,26,0,0,0,26,0,26,0,PC,2020/07/04 15:36:02

02,DC02,4573191241478,SO-5305P,【アーバン】スタイリングチェア SPRINGⅢ（トップ） ヴィンテージブラウン,,2HA2,理美容・ヘア,30,0,0,0,30,0,30,0,PC,2020/08/03 10:16:37

02,DC02,4573191241485,SO-5306P,【ヴィンテージ】スタイリングチェアALBERO（アルベロ・トップ） キャメルブラ,,2HA2,理美容・ヘア,60,1,0,0,59,145,204,0,PC,2020/08/04 17:58:11

02,DC02,4573191241492,SO-5307P,【ヴィンテージ】スタイリングチェアALBERO（アルベロ・トップ） ヴィンテージ,,2HA2,理美容・ヘア,51,22,9,0,29,39,68,0,PC,2020/08/04 15:52:37

02,DC02,4573191241508,SO-5308P,【ヴィンテージ】スタイリングチェアALBERO（アルベロ・トップ） ヴィンテージ,,2HA2,理美容・ヘア,59,0,0,0,59,19,78,0,PC,2020/08/04 18:00:03

02,DC02,4573191241515,SO-5309P,【ヴィンテージ】スタイリングチェアALBERO（アルベロ・トップ） ヴィンテージ,,2HA2,理美容・ヘア,14,6,6,0,8,10,18,0,PC,2020/08/03 13:29:39

02,DC02,4573191241522,SO-5310P,【ヴィンテージ】スタイリングチェアALBERO（アルベロ・トップ）,,2HA2,理美容・ヘア,3,0,0,0,3,0,3,0,PC,2020/03/05 16:25:24

02,DC02,4573191241539,SO-5311P,【ラグジュアリー】スタイリングチェア BELTA（ベルタ・トップ） ヴィンテージ,,2HA2,理美容・ヘア,3,0,0,0,3,13,16,0,PC,2020/08/04 13:18:37

02,DC02,4573191241546,SO-5312P,【ラグジュアリー】スタイリングチェア BELTA（ベルタ・トップ） キャメルブラ,,2HA2,理美容・ヘア,15,0,0,0,15,0,15,0,PC,2020/08/03 10:17:04

02,DC02,4573191241553,SO-5313P,【ラグジュアリー】スタイリングチェア BELTA（ベルタ・トップ） ヴィンテージ,,2HA2,理美容・ヘア,14,6,0,0,8,15,23,0,PC,2020/07/29 13:09:20

02,DC02,4573191241560,SO-5314P,【ラグジュアリー】スタイリングチェア CUBEⅡ（キューブツー）（トップ） ヴィ,,2HA2,理美容・ヘア,23,0,0,0,23,0,23,0,PC,2020/07/29 09:50:22

02,DC02,4573191241577,SO-5315P,【ラグジュアリー】スタイリングチェア CUBEⅡ（キューブツー）（トップ） キャ,,2HA2,理美容・ヘア,29,0,0,0,29,0,29,0,PC,2020/07/28 14:31:57

02,DC02,4573191241591,SO-5317P,【ヴィンテージ】スタイリングチェア Dr.SPINE（ドクター スパイン）（トッ,,2HA2,理美容・ヘア,23,0,0,0,23,16,39,0,PC,2020/08/03 17:01:20

02,DC02,4573191241607,SO-5318P,【ヴィンテージ】スタイリングチェア Dr.SPINE（ドクター スパイン）（トッ,,2HA2,理美容・ヘア,7,5,0,0,2,35,37,0,PC,2020/08/04 10:15:10

02,DC02,4573191241614,SO-5319P,【ヴィンテージ】スタイリングチェア Dr.SPINE（ドクター スパイン）（トッ,,2HA2,理美容・ヘア,30,0,0,0,30,0,30,0,PC,2020/07/30 11:34:32

02,DC02,4573191241621,SO-5320P,【ラグジュアリー】スタイリングチェア MASSIMO（マッシモ・トップ） ヴィン,,2HA2,理美容・ヘア,29,1,1,0,28,0,28,0,PC,2020/08/03 17:03:03

02,DC02,4573191241638,SO-5321P,【ラグジュアリー】スタイリングチェア MASSIMO（マッシモ・トップ） ヴィン,,2HA2,理美容・ヘア,23,0,0,0,23,7,30,0,PC,2020/08/04 11:23:12

02,DC02,4573191241645,SO-5322P,【ラグジュアリー】スタイリングチェア MASSIMO（マッシモ・トップ） ヴィン,,2HA2,理美容・ヘア,19,1,1,0,18,10,28,0,PC,2020/07/30 13:45:18

02,DC02,4573191241652,SO-5323P,【TOUGH DESIGN PRODUCT】T202（トップ） ヴィンテージダー,,2HA2,理美容・ヘア,30,0,0,0,30,12,42,0,PC,2020/07/27 11:44:17

02,DC02,4573191241669,SO-5324P,【TOUGH DESIGN PRODUCT】T202（トップ） キャメル×ヴィン,,2HA2,理美容・ヘア,35,0,0,0,35,0,35,0,PC,2020/07/31 17:47:01

02,DC02,4573191241690,CO-1496P,【プレミアム】手動シャンプーチェア BELTA-S（枕付）(トップ),,2HA2,理美容・ヘア,20,0,0,0,20,0,20,0,PC,2020/07/22 09:30:53

02,DC02,4573191241706,CO-1497P,【プレミアム】手動シャンプーチェア BELTA-S（枕付）(トップ),,2HA2,理美容・ヘア,40,0,0,0,40,8,48,0,PC,2020/07/17 14:00:01

02,DC02,4573191241713,CO-1498P,【プレミアム】手動シャンプーチェア BELTA-S（枕付）(トップ),,2HA2,理美容・ヘア,11,0,0,0,11,0,11,0,PC,2020/07/28 13:41:34

02,DC02,4573191241720,PO-0522P,Wave Master（ウェーブマスター）ベース ブラウン,,2HA2,理美容・ヘア,5,0,0,0,5,0,5,0,PC,2020/07/25 15:32:31

02,DC02,4573191241836,KO-1715P,リラクゼーションシャンプーユニットRUBINO【BASIC-R】（本体） ダーク,,2HA2,理美容・ヘア,164,5,0,0,159,43,202,0,PC,2020/08/04 17:22:40

02,DC02,4573191241928,AS-1463P,ネイルチェアcarino（カリノ）,,2NA2,ネイル,0,0,0,0,0,4,4,0,PC,1900/01/01 00:00:00

02,DC02,4573191241935,AS-1464P,ネイルチェアcarino（カリノ）,,2NA2,ネイル,10,0,0,0,10,40,50,0,PC,2020/08/03 17:41:36

02,DC02,4573191241942,AS-1465P,ネイルチェアcarino（カリノ）,,2NA2,ネイル,84,0,0,0,84,0,84,0,PC,2020/08/03 09:55:14

02,DC02,4573191241959,SO-5329P,【ヴィンテージ】スタイリングチェアALBERO Classico（アルベロクラシ,,2HA2,理美容・ヘア,14,0,0,0,14,47,61,0,PC,2020/08/04 10:51:47

02,DC02,4573191241966,SO-5330P,【ヴィンテージ】スタイリングチェアALBERO Classico（アルベロクラシ,,2HA2,理美容・ヘア,11,0,0,0,11,20,31,0,PC,2020/07/30 09:29:27

02,DC02,4573191241973,SO-5331P,【ヴィンテージ】スタイリングチェアALBERO Classico（アルベロクラシ,,2HA2,理美容・ヘア,14,3,3,0,11,25,36,0,PC,2020/07/17 20:03:22

02,DC02,4573191242567,SO-5335P,【ヴィンテージ】スタイリングチェアCAGE（ケージ）（トップ）,,2HA2,理美容・ヘア,0,0,0,0,0,16,16,0,PC,1900/01/01 00:00:00

02,DC02,4573191242703,DX-1688P,ラウンジチェアDX（レッグレスト連動タイプ）（ホワイト）,,2ES2,エステティック,62,1,1,0,61,4,65,0,PC,2020/08/04 17:20:27

02,DC02,4573191242710,DX-1689P,ラウンジチェアDXⅡ（ホワイト）,,2ES2,エステティック,8,7,3,0,1,21,22,0,PC,2020/08/04 15:25:40

02,DC02,4573191242727,AS-1475P,電動リクライニングチェア PORTE（ポルテ）,,2NA2,ネイル,30,0,0,0,30,10,40,0,PC,2020/07/30 09:08:14

02,DC02,4573191242734,AS-1476P,電動リクライニングチェアFran(フラン),,2NA2,ネイル,19,0,0,0,19,0,19,0,PC,2020/08/04 14:43:47

02,DC02,4573191242772,KO-1720P,リラクゼーションシャンプーユニットRUBINO【BASIC-R】（本体） ブラッ,,2HA2,理美容・ヘア,142,7,3,0,135,45,180,0,PC,2020/08/03 16:28:07

02,DC02,4573191242888,XG-3535P,マルチアジャストワゴン（ナチュラル）,,2ES2,エステティック,6,0,0,0,6,0,6,0,PC,2020/07/29 16:16:52

02,DC02,4573191242901,KO-1725P,リラクゼーションシャンプーユニットRUBINO【BASIC】（本体） ダークブラ,,2HA2,理美容・ヘア,146,3,3,0,143,0,143,0,PC,2020/08/04 17:23:43

02,DC02,4573191242918,KO-1726P,リラクゼーションシャンプーユニットRUBINO【BASIC】（本体） ブラック,,2HA2,理美容・ヘア,62,2,2,0,60,0,60,0,PC,2020/08/04 17:24:55

02,DC02,4573191242925,CD-4152P,電動シャンプーチェア ALVIN-Sofa【レッグレスト連動タイプ】ブラック,,2HA2,理美容・ヘア,26,0,0,0,26,0,26,0,PC,2020/08/04 14:58:20

02,DC02,4573191242987,CD-4154P,電動シャンプーチェア ALVIN-Sofa【ステップ付・レッグレスト固定タイプ】,,2HA2,理美容・ヘア,6,0,0,0,6,0,6,0,PC,2020/07/30 09:00:56

02,DC02,4573191242994,CD-4153P,電動シャンプーチェア ALVIN-Sofa【ステップ付・レッグレスト固定タイプ】,,2HA2,理美容・ヘア,39,0,0,0,39,0,39,0,PC,2020/07/31 17:24:39

02,DC02,4573191243007,CD-4151P,電動シャンプーチェア ALVIN-Sofa【レッグレスト連動タイプ】ダークブラウ,,2HA2,理美容・ヘア,59,0,0,0,59,0,59,0,PC,2020/08/04 13:40:08

02,DC02,4573191243038,100843,【プレミアム】電動シャンプーチェアCLUB-S　ブラック,,2HA2,理美容・ヘア,11,0,0,0,11,0,11,0,PC,2020/07/09 09:47:46

02,DC02,4573191243045,100603,【プレミアム】電動シャンプーチェアCLUB-S ダークブラウン,,2HA2,理美容・ヘア,9,0,0,0,9,0,9,0,PC,2020/07/09 13:24:19

02,DC02,4573191243069,SO-5340P,キャスター【パックスツール/シェイパースツール/背もたれ付スクエアスツール用】,,2HA2,理美容・ヘア,9,0,0,0,9,0,9,0,PC,2019/12/16 11:58:42

02,DC02,4573191243205,KO-1731P,リラクゼーションシャンプーユニットSPAZIO【DELUXE】（本体） ダークブ,,2HA2,理美容・ヘア,88,0,0,0,88,0,88,0,PC,2020/07/06 17:07:15

02,DC02,4573191243212,SO-5343P,【カフェラウンジ】スタイリングチェア BREEZE（ブリーズ・トップ） キャメル,,2HA2,理美容・ヘア,32,4,0,0,28,20,48,0,PC,2020/07/21 18:52:15

02,DC02,4573191243229,SO-5344P,【カフェラウンジ】スタイリングチェア BREEZE（ブリーズ・トップ） ヴィンテ,,2HA2,理美容・ヘア,16,5,5,0,11,0,11,0,PC,2020/07/30 11:19:09

02,DC02,4573191243243,SO-5346P,【カフェラウンジ】スタイリングチェア MACIA（マシア・トップ） オフホワイト,,2HA2,理美容・ヘア,5,0,0,0,5,0,5,0,PC,2020/07/28 09:34:27

02,DC02,4573191243274,SO-5349P,クリスタル スタイリングチェア CRYSTA（クリスタ）用,,2HA2,理美容・ヘア,10,0,0,0,10,0,10,0,PC,2020/01/07 15:26:21

02,DC02,4573191243618,SO-5382P,カータイプセットイス 「メルセデス300SL」（トップ） シルバー,,2HA2,理美容・ヘア,2,0,0,0,2,0,2,0,PC,2020/07/09 15:12:58

02,DC02,4573191243731,YS-0000P,アラベスクパーテーション～ファブリック～【3連セット】（完全組立済）,,2EL2,アイラッシュ,27,0,0,0,27,0,27,0,PC,2020/08/04 15:50:05

02,DC02,4573191243748,YS-0001P,アラベスクパーテーション～ファブリック～用追加パネル,,2EL2,アイラッシュ,18,0,0,0,18,0,18,0,PC,2020/08/04 15:50:05

02,DC02,4573191244080,YS-0002P,アラベスクパーテーション～レース～【3連セット】（完全組立済）,,2EL2,アイラッシュ,9,0,0,0,9,0,9,0,PC,2020/07/20 10:48:45

02,DC02,4573191244097,YS-0003P,アラベスクパーテーション～レース～追加パネル,,2EL2,アイラッシュ,38,0,0,0,38,0,38,0,PC,2020/04/03 16:30:10

02,DC02,4573191244103,SO-5387P,【カフェラウンジ】スタイリングチェア BULINO（ブリーノ・トップ） ヴィンテ,,2HA2,理美容・ヘア,43,1,0,0,42,30,72,0,PC,2020/08/04 10:08:54

02,DC02,4573191244110,SO-5388P,【カフェラウンジ】スタイリングチェア BULINO（ブリーノ・トップ） ヴィンテ,,2HA2,理美容・ヘア,27,4,4,0,23,30,53,0,PC,2020/08/04 16:36:57

02,DC02,4573191244158,SO-5392P,【ヴィンテージ】スタイリングチェア Dr.SPINE（ドクター スパイン）（トッ,,2HA2,理美容・ヘア,15,0,0,0,15,0,15,0,PC,2019/11/18 17:55:52

02,DC02,4573191244165,DK-1061P,整体ベッド（KFオリジナルカイロベッドC-263）,,2ES2,エステティック,81,1,1,0,80,12,92,0,PC,2020/07/20 14:44:46

02,DC02,4573191244172,SO-5393P,【ラグジュアリー】スタイリングチェアELEGANCE（エレガンス・トップ）,,2HA2,理美容・ヘア,7,0,0,0,7,0,7,0,PC,2020/08/04 15:51:11

02,DC02,4573191244202,SO-5396P,【ヴィンテージ】スタイリングチェア CLUB-RⅡ（トップ） オールドブラウン,,2HA2,理美容・ヘア,21,0,0,0,21,15,36,0,PC,2020/07/27 11:33:39

02,DC02,4573191244219,SO-5397P,【ヴィンテージ】スタイリングチェア CLUB-RⅡ（トップ） ヴィンテージブラウ,,2HA2,理美容・ヘア,17,0,0,0,17,0,17,0,PC,2020/07/27 11:33:17

02,DC02,4573191244240,SO-5400P,【アーバン】スタイリングチェア OPERA（オペラ）（トップ）,,2HA2,理美容・ヘア,1,0,0,0,1,0,1,0,PC,2020/07/31 11:36:18

02,DC02,4573191244264,SO-5402P,【ラグジュアリー】スタイリングチェア CLUB-F（クラブエフ）（トップ） ダー,,2HA2,理美容・ヘア,18,0,0,0,18,9,27,0,PC,2020/08/04 13:17:39

02,DC02,4573191244271,SO-5403P,【ラグジュアリー】スタイリングチェア CLUB-F（クラブエフ）（トップ） ブラ,,2HA2,理美容・ヘア,13,0,0,0,13,0,13,0,PC,2020/07/31 10:27:47

02,DC02,4573191244301,KS-2260P,【TOUGH DESIGN PRODUCT】D303Ⅱ（本体） ボルドーブラウン,,2HA2,理美容・ヘア,7,3,0,0,4,0,4,0,PC,2020/07/31 14:43:18

02,DC02,4573191244325,KS-2262P,バックシャンプーユニットMR-0420Ⅱ（本体） ヴィンテージブラウン,,2HA2,理美容・ヘア,21,0,0,0,21,0,21,0,PC,2020/08/04 16:32:19

02,DC02,4573191244332,KS-2263P,バックシャンプーユニットMR-0420Ⅱ（本体） ヴィンテージブラック,,2HA2,理美容・ヘア,21,2,0,0,19,0,19,0,PC,2020/08/04 16:32:25

02,DC02,4573191245513,RE-0998P,BROOKLYN（ブルックリン） ブラック,,2HA2,理美容・ヘア,10,0,0,0,10,0,10,0,PC,2020/08/04 15:14:45

02,DC02,4573191245520,RE-0999P,BROOKLYN（ブルックリン） ブラウン,,2HA2,理美容・ヘア,11,0,0,0,11,0,11,0,PC,2020/06/12 17:16:42

02,DC02,4573191245537,RE-1000P,OLDEST-DX（オールデスト デラックス） ブラック,,2HA2,理美容・ヘア,33,0,0,0,33,0,33,0,PC,2020/07/08 14:41:13

02,DC02,4573191245544,RE-1001P,OLDEST-DX（オールデスト デラックス） グリーン,,2HA2,理美容・ヘア,22,0,0,0,22,0,22,0,PC,2020/07/30 15:44:23

02,DC02,4573191245575,DO-0698P,有孔リクライニングマッサージベッドS-7,,2ES2,エステティック,3,1,0,0,2,0,2,0,PC,2020/07/21 14:52:33

02,DC02,4573191245759,BO-0257N,SH-120用シャワーホース（組）【新型】 ブラック,,2HA2,理美容・ヘア,137,0,0,0,137,0,137,0,PC,2020/08/04 13:03:24

02,DC02,4573191248835,SO-5454P,スタイリングチェアS-8330（トップ） ホワイト,,2HA2,理美容・ヘア,118,0,0,0,118,0,118,0,PC,2020/08/03 16:46:55

02,DC02,4573191248842,CO-1530P,手動シャンプーチェア HD-059S（トップ）,,2HA2,理美容・ヘア,26,0,0,0,26,10,36,0,PC,2020/08/03 11:17:55

02,DC02,4573191248859,CO-1531P,手動シャンプーチェア HD-059S（トップ）,,2HA2,理美容・ヘア,8,0,0,0,8,0,8,0,PC,2020/08/04 10:51:15

02,DC02,4573191249085,DX-1772P,枕付リクライニングチェアS-31211（トップ）,,2ES2,エステティック,21,0,0,0,21,0,21,0,PC,2020/07/31 11:26:20

02,DC02,4573191249092,DX-1773P,枕付リクライニングチェアS-31211（トップ）,,2HA2,理美容・ヘア,23,0,0,0,23,0,23,0,PC,2020/08/04 17:49:27

02,DC02,4573191249108,DO-0716P,枕付リクライニングチェアS-31211（ベース）,,2ES2,エステティック,43,0,0,0,43,0,43,0,PC,2020/08/04 14:08:21

02,DC02,4573191249115,SO-5459P,5本脚ベースHD-7M（BK） ブラック,,2HA2,理美容・ヘア,168,18,10,0,150,108,258,0,PC,2020/08/04 18:06:16

02,DC02,4573191249443,SO-5468P,【カフェラウンジ】スタイリングチェア BULINO（ブリーノ・トップ） ベージュ,,2HA2,理美容・ヘア,4,0,0,0,4,0,4,0,PC,2020/07/15 10:37:21

02,DC02,4573191249665,RO-0031P,BROOKLYN OLDEST-DX用ベース,,2HA2,理美容・ヘア,1,0,0,0,1,0,1,0,PC,2020/07/09 15:14:18

02,DC02,4573191249726,DE-2824P,電動4モーターエステベッド【PROTEISMO-EX】（プロティズモEX・低反発,,2ES2,エステティック,27,0,0,0,27,0,27,0,PC,2020/08/04 16:12:55

02,DC02,4573191249825,KO-1789P,SPAZIO【BASIC】用シャンプースタンド（本体） ホワイト,,2HA2,理美容・ヘア,3,0,0,0,3,0,3,0,PC,2020/05/22 16:27:42

02,DC02,4573191249832,CD-4397P,電動シャンプーチェアRUBINO-SR ダークブラウン,,2HA2,理美容・ヘア,22,0,0,0,22,0,22,0,PC,2020/08/04 14:59:10

02,DC02,4573191249849,CD-4398P,電動シャンプーチェアRUBINO-SR ブラック,,2HA2,理美容・ヘア,7,0,0,0,7,0,7,0,PC,2020/07/29 09:31:13

02,DC02,4573191249856,MI-1998P,【スタイリングウォールミラー】ブルーグレージュ（Sサイズ）,,2HA2,理美容・ヘア,77,0,0,0,77,0,77,0,PC,2020/08/03 11:21:57

02,DC02,4580231505278,DM-9666E,FEED シンプルチェア,,2ML2,マッサージ・リラク,1,0,0,0,1,0,1,0,PC,2020/08/03 11:57:43

02,DC02,4589019097340,XG-2176N,ワゴン400E,,2HA2,理美容・ヘア,227,0,0,0,227,0,227,90,PC,2020/08/04 13:24:25

02,DC02,4589747961042,YC-0031P,電動ラウンジチェア SISTA-シスタ-ホワイト,,2EL2,アイラッシュ,179,1,0,0,178,60,238,0,PC,2020/08/04 17:21:42

02,DC02,4589747961059,YC-0032P,電動ラウンジチェア SISTA-シスタ-ダークブラウン,,2EL2,アイラッシュ,205,0,0,5,200,60,260,0,PC,2020/07/31 16:59:17

02,DC02,4589747963862,119261,【GANA】電動リクライニングチェア シエロ,,2EL2,アイラッシュ,19,7,0,0,12,0,12,0,PC,2020/08/04 17:37:53

02,DC02,4589747963879,119262,【GANA】ワゴン アンフォーマ,,2EL2,アイラッシュ,197,0,0,13,184,0,184,0,PC,2020/08/04 16:16:55

02,DC02,4589747963886,119263,【GANA】カルマース(ウォームグレー),,2EL2,アイラッシュ,198,0,0,0,198,0,198,0,PC,2020/08/04 17:01:43

02,DC02,4589747964005,121065,【GANA】カルマース(ホワイト),,2EL2,アイラッシュ,149,0,0,0,149,0,149,0,PC,2020/08/04 17:02:44

02,DC02,4589747964012,121066,【GANA】カルマース(ブラック),,2EL2,アイラッシュ,149,0,0,0,149,0,149,0,PC,2020/08/04 17:03:56

02,DC02,4589747964029,121953,【GANA】ラッシュドールコラボ スツール(ベース),,2EL2,アイラッシュ,496,0,0,0,496,0,496,0,PC,2020/08/04 17:05:13

02,DC02,4589747970068,SE-6228P,【シャビーシック】スタイリングチェアLUMINOUS（ルミナス） アッシュブラウ,,2HA2,理美容・ヘア,35,0,0,0,35,17,52,0,PC,2020/07/28 14:23:32

02,DC02,4589747970075,SE-6229P,【シャビーシック】スタイリングチェアLUMINOUS（ルミナス） アッシュグリー,,2HA2,理美容・ヘア,66,0,0,0,66,0,66,0,PC,2020/07/20 14:35:23

02,DC02,4589747970181,DP-2107P,軽量木製折りたたみベッド EB-03DX（キャリーバッグ付）（ダークブラウン）,,2ES2,エステティック,175,0,0,0,175,40,215,0,PC,2020/08/04 14:38:28

02,DC02,4589747970198,DP-2108P,軽量木製折りたたみベッド EB-03DX（キャリーバッグ付）（ホワイト）,,2ES2,エステティック,15,0,0,0,15,11,26,0,PC,2020/08/03 14:02:43

02,DC02,4589747970204,DP-2109P,軽量木製折りたたみリクライニングベッド EB-05DX（キャリーバッグ付）（ダー,,2ES2,エステティック,32,0,0,0,32,40,72,0,PC,2020/08/03 15:03:30

02,DC02,4589747970211,DP-2110P,軽量木製折りたたみリクライニングベッド EB-05DX（キャリーバッグ付）（ホワ,,2ES2,エステティック,34,0,0,0,34,20,54,0,PC,2020/07/30 16:22:10

02,DC02,4589747970228,DE-2831P,低反発スタンダードエステベッドF-201SS（無孔）,,2ES2,エステティック,50,0,0,0,50,0,50,0,PC,2020/08/03 11:34:17

02,DC02,4589747970235,DE-2832P,低反発スタンダードエステベッドF-201SS（有孔）,,2ES2,エステティック,12,0,0,0,12,0,12,0,PC,2020/08/04 16:06:07

02,DC02,4589747970242,DE-2833P,低反発ワイドエステベッドF-201S（無孔）,,2ES2,エステティック,30,2,0,0,28,0,28,0,PC,2020/08/04 17:30:39

02,DC02,4589747970259,DE-2834P,低反発ワイドエステベッドF-201S（有孔）,,2ES2,エステティック,36,1,1,0,35,0,35,0,PC,2020/08/04 17:31:57

02,DC02,4589747970716,MO-0016P,ロートアイアン両面ドレッサー ROTISミラー上部,,2HA2,理美容・ヘア,30,0,0,0,30,0,30,0,PC,2020/07/10 09:48:12

02,DC02,4589747970723,MO-0017P,ロートアイアン両面ドレッサー ROTISミラー下部,,2HA2,理美容・ヘア,31,0,0,0,31,0,31,0,PC,2020/08/03 11:30:08

02,DC02,4589747970747,BX-0809P,シングルレバー混合栓MLZ680MM-SH120,,2HA2,理美容・ヘア,32,0,0,0,32,0,32,0,PC,2020/08/04 16:32:18

02,DC02,4589747970785,BS-6341P,バックシャンプースタンド FLEX ブラック,,2HA2,理美容・ヘア,12,0,0,0,12,0,12,0,PC,2020/07/28 09:15:42

02,DC02,4589747970792,BS-6342P,バックシャンプースタンド FLEX ホワイト,,2HA2,理美容・ヘア,12,0,0,0,12,0,12,0,PC,2020/06/26 15:13:53

02,DC02,4589747970808,MO-0018P,【シャビーシック】天然木製片面ドレッサーLOUISⅡ（上部） アンティークホワイ,,2HA2,理美容・ヘア,38,0,0,1,37,2,39,0,PC,2020/07/28 14:36:49

02,DC02,4589747970815,MO-0019P,【シャビーシック】天然木製片面ドレッサーLOUISⅡ（下部） アンティークホワイ,,2HA2,理美容・ヘア,40,0,0,0,40,2,42,0,PC,2020/07/31 13:51:46

02,DC02,4589747970822,MO-0020P,【シャビーシック】天然木製両面ドレッサーLOUISⅡ（上部） アンティークホワイ,,2HA2,理美容・ヘア,49,0,0,0,49,0,49,0,PC,2020/07/06 17:32:58

02,DC02,4589747970839,MO-0021P,【シャビーシック】天然木製両面ドレッサーLOUISⅡ（下部） アンティークホワイ,,2HA2,理美容・ヘア,49,0,0,2,47,0,47,0,PC,2020/07/28 14:29:58

02,DC02,4589747970846,MO-0022P,【シャビーシック】天然木製片面ドレッサーLOUISⅡ（上部） アンティークブラウ,,2HA2,理美容・ヘア,69,5,0,9,55,69,124,0,PC,2020/08/04 13:27:25

02,DC02,4589747970853,MO-0023P,【シャビーシック】天然木製片面ドレッサーLOUISⅡ（下部） アンティーブラウン,,2HA2,理美容・ヘア,77,5,0,0,72,69,141,0,PC,2020/08/04 17:02:38

02,DC02,4589747970860,MO-0034P,【シャビーシック】天然木製両面ドレッサーLOUISⅡ（上部） アンティークブラウ,,2HA2,理美容・ヘア,114,2,0,0,112,40,152,0,PC,2020/08/01 15:35:27

02,DC02,4589747970877,MO-0025P,【シャビーシック】天然木製両面ドレッサーLOUISⅡ（下部） アンティークブラウ,,2HA2,理美容・ヘア,112,2,0,0,110,40,150,0,PC,2020/07/20 17:22:02

02,DC02,4589747970891,MO-0026P,天然木製片面ドレッサーMARIEⅡ（上部） アンティークホワイト,,2HA2,理美容・ヘア,24,1,1,0,23,15,38,0,PC,2020/07/27 13:41:38

02,DC02,4589747970907,MO-0027P,天然木製片面ドレッサーMARIEⅡ（下部） アンティークホワイト,,2HA2,理美容・ヘア,22,1,1,0,21,15,36,0,PC,2020/07/27 13:41:38

02,DC02,4589747970914,MO-0028P,天然木製両面ドレッサーMARIEⅡ（上部） アンティークホワイト,,2HA2,理美容・ヘア,42,0,0,0,42,0,42,0,PC,2020/07/27 13:41:38

02,DC02,4589747970921,MO-0029P,天然木製両面ドレッサーMARIEⅡ（下部） アンティークホワイト,,2HA2,理美容・ヘア,44,0,0,0,44,0,44,0,PC,2020/08/03 11:46:13

02,DC02,4589747970938,MO-0030P,天然木製片面ドレッサーMARIEⅡ（上部） アンティークブラウン,,2HA2,理美容・ヘア,1,0,0,0,1,36,37,0,PC,2020/03/03 17:57:44

02,DC02,4589747970945,MO-0031P,天然木製片面ドレッサーMARIEⅡ（下部） アンティークブラウン,,2HA2,理美容・ヘア,2,0,0,0,2,36,38,0,PC,2020/03/03 17:58:58

02,DC02,4589747970952,MO-0032P,天然木製両面ドレッサーMARIEⅡ（上部） アンティークブラウン,,2HA2,理美容・ヘア,1,0,0,0,1,20,21,0,PC,2020/07/28 14:24:30

02,DC02,4589747970969,MO-0033P,天然木製両面ドレッサーMARIEⅡ（下部） アンティークブラウン,,2HA2,理美容・ヘア,0,0,0,0,0,20,20,0,PC,1900/01/01 00:00:00

02,DC02,4589747970976,SE-6402P,【シャビーシック】スタイリングチェアLUMINOUS（ルミナス） アッシュグレー,,2HA2,理美容・ヘア,14,0,0,0,14,81,95,0,PC,2020/08/04 13:43:55

02,DC02,4589747970983,SO-5509P,【シャビーシック】スタイリングチェアCHALON（トップ） アッシュブラウン,,2HA2,理美容・ヘア,19,0,0,0,19,14,33,0,PC,2020/07/14 11:57:06

02,DC02,4589747970990,SO-5510P,【シャビーシック】スタイリングチェアCHALON（トップ） アッシュグリーン,,2HA2,理美容・ヘア,28,0,0,0,28,0,28,0,PC,2020/07/22 11:08:25

02,DC02,4589747971003,SO-5511P,【シャビーシック】スタイリングチェアCHALON（トップ） アッシュグレー,,2HA2,理美容・ヘア,43,0,0,0,43,12,55,0,PC,2020/07/31 14:43:18

02,DC02,4589747971027,SO-5513P,【ヴィンテージ】スタイリングチェア ROTIS（トップ） ヴィンテージグリーン,,2HA2,理美容・ヘア,1,0,0,0,1,0,1,0,PC,2020/02/25 10:14:10

02,DC02,4589747971294,DE-2839P,体圧分散ウェービングベッドCocoti（ココティ）,,2ES2,エステティック,25,0,0,0,25,0,25,0,PC,2020/08/04 17:44:51

02,DC02,4589747971300,XR-0323P,【シャビーシック】木製アンティークレジカウンター VICTOIRE-1200（ヴ,,2HA2,理美容・ヘア,50,1,0,0,49,0,49,0,PC,2020/07/16 17:19:21

02,DC02,4589747971317,XR-0324P,【シャビーシック】木製アンティークレジカウンター VICTOIRE-1200（ヴ,,2HA2,理美容・ヘア,83,1,1,0,82,15,97,0,PC,2020/08/03 16:31:35

02,DC02,4589747971348,BX-0878P,【シャビーシック】シャンプーキャビネットRENE-S（上部） アンティークブラウ,,2HA2,理美容・ヘア,36,0,0,0,36,0,36,0,PC,2020/08/04 17:56:19

02,DC02,4589747971355,BX-0879P,【シャビーシック】シャンプーキャビネットRENE-S（下部） アンティークブラウ,,2HA2,理美容・ヘア,6,0,0,0,6,0,6,0,PC,2020/08/04 16:32:25

02,DC02,4589747971362,BX-0880P,【シャビーシック】シャンプーキャビネットRENE-S（上部） アンティークライト,,2HA2,理美容・ヘア,1,0,0,0,1,0,1,0,PC,2020/06/19 11:28:30

02,DC02,4589747971379,BX-0881P,【シャビーシック】シャンプーキャビネットRENE-S（下部） アンティークライト,,2HA2,理美容・ヘア,19,0,0,0,19,32,51,0,PC,2020/07/13 17:08:47

02,DC02,4589747971386,MI-2038P,【シャビーシック】天然木製ウォールカウンターLOUIS-C アンティークホワイト,,2HA2,理美容・ヘア,46,0,0,0,46,0,46,0,PC,2020/07/27 13:32:58

02,DC02,4589747971393,MI-2039P,【シャビーシック】天然木製ウォールカウンターLOUIS-C アンティークブラウン,,2HA2,理美容・ヘア,51,0,0,0,51,0,51,0,PC,2020/07/27 14:16:04

02,DC02,4589747971409,MI-2040P,【シャビーシック】天然木製ウォールカウンターMARIE-C アンティークホワイト,,2HA2,理美容・ヘア,44,0,0,0,44,0,44,0,PC,2020/07/27 13:24:19

02,DC02,4589747971416,BX-0882P,【シャビーシック】バックシャンプーキャビネットRENE-B（上部） アンティーク,,2HA2,理美容・ヘア,3,0,0,0,3,0,3,0,PC,2020/08/03 10:38:27

02,DC02,4589747971423,MI-2041P,【シャビーシック】天然木製ウォールカウンターMARIE-C アンティークブラウン,,2HA2,理美容・ヘア,25,0,0,0,25,0,25,0,PC,2020/07/21 11:31:45

02,DC02,4589747971430,BX-0883P,【シャビーシック】バックシャンプーキャビネットRENE-B（下部） アンティーク,,2HA2,理美容・ヘア,8,0,0,0,8,0,8,0,PC,2020/08/03 10:38:27

02,DC02,4589747971447,BX-0884P,【シャビーシック】バックシャンプーキャビネットRENE-B（上部） アンティーク,,2HA2,理美容・ヘア,20,2,2,0,18,25,43,0,PC,2020/07/31 11:58:50

02,DC02,4589747971454,BX-0885P,【シャビーシック】バックシャンプーキャビネットRENE-B（下部） アンティーク,,2HA2,理美容・ヘア,67,2,2,0,65,0,65,0,PC,2020/07/31 11:58:50

02,DC02,4589747971461,BX-0886P,【シャビーシック】バックシャンプーキャビネットRENE-B（上部） アンティーク,,2HA2,理美容・ヘア,65,1,0,0,64,0,64,0,PC,2020/07/31 13:52:51

02,DC02,4589747971478,BX-0887P,[シャビーシック】バックシャンプーキャビネットRENE-B（下部） アンティーク,,2HA2,理美容・ヘア,67,1,0,0,66,0,66,0,PC,2020/07/28 17:05:44

02,DC02,4589747972000,KO-1839P,SPAZIO MACARO用シャンプースタンド（本体） ホワイト,,2HA2,理美容・ヘア,46,0,0,0,46,0,46,0,PC,2020/07/27 11:09:35

02,DC02,4589747972017,TA-0021P,ドリッパ（シロダーラセット用）,,2ML2,マッサージ・リラク,7,0,0,0,7,0,7,0,PC,2020/07/14 15:09:17

02,DC02,4589747972185,DP-2125P,高級低反発木製折りたたみリクライニングベッド009SDX PLUS（ダークブラウ,,2ES2,エステティック,29,0,0,0,29,0,29,0,PC,2020/08/03 11:26:30

02,DC02,4589747972192,DP-2127P,高級低反発木製折りたたみリクライニングベッド009SDX PLUS（ベージュ）,,2ES2,エステティック,20,0,0,0,20,0,20,0,PC,2020/07/30 16:18:35

02,DC02,4589747972239,KO-1840P,手動リラクゼーションシャンプーユニットROBIN（本体） パールベージュ,,2HA2,理美容・ヘア,46,0,0,0,46,0,46,0,PC,2020/04/27 15:03:07

02,DC02,4589747972260,MI-2072P,【スタイリングアンティークミラー】シャンパンゴールド,,2HA2,理美容・ヘア,10,0,0,0,10,0,10,0,PC,2020/08/03 17:35:50

02,DC02,4589747972277,MI-2073P,【スタイリングアンティークミラー】アンティークシルバー,,2HA2,理美容・ヘア,30,0,0,0,30,0,30,0,PC,2020/07/10 11:03:20

02,DC02,4589747972291,SO-5640P,【カフェラウンジ】スタイリングチェアCOAST（トップ） デニム,,2HA2,理美容・ヘア,42,4,0,0,38,0,38,0,PC,2020/08/03 17:06:53

02,DC02,4589747972307,SO-5641P,【カフェラウンジ】スタイリングチェアCOAST（トップ） アッシュダークブラウン,,2HA2,理美容・ヘア,22,5,5,0,17,1,18,0,PC,2020/08/03 14:48:51

02,DC02,4589747972314,SO-5642P,【カフェラウンジ】スタイリングチェアCOAST（トップ） アッシュグレー,,2HA2,理美容・ヘア,41,11,5,0,30,20,50,0,PC,2020/08/04 18:03:47

02,DC02,4589747972321,SE-6534P,【ヴィンテージ】スタイリングチェアDUKE（デューク） ヴィンテージグリーン,,2HA2,理美容・ヘア,28,0,0,0,28,1,29,0,PC,2020/07/22 15:44:33

02,DC02,4589747972338,SE-6535P,【ヴィンテージ】スタイリングチェアDUKE（デューク） ヴィンテージブラウン,,2HA2,理美容・ヘア,25,0,0,0,25,0,25,0,PC,2020/07/31 10:33:30

02,DC02,4589747972369,SE-6537P,【シャビーシック】スタイリングチェアNOBLE（ノーブル） アッシュホワイト,,2HA2,理美容・ヘア,37,2,0,0,35,0,35,0,PC,2020/08/04 11:30:54

02,DC02,4589747972376,SE-6538P,【シャビーシック】スタイリングチェアNOBLE（ノーブル） ヴィンテージブラウン,,2HA2,理美容・ヘア,18,0,0,0,18,30,48,0,PC,2020/07/31 13:47:15

02,DC02,4589747972444,XG-3706P,【シャビーシック】アンティーク木製ワゴン DIAN（ディアン）アンティークホワイ,,2HA2,理美容・ヘア,51,0,0,0,51,0,51,0,PC,2020/07/21 16:10:29

02,DC02,4589747972451,XG-3707P,【シャビーシック】アンティーク木製ワゴン DIAN（ディアン）アンティークブラウ,,2HA2,理美容・ヘア,43,0,0,0,43,40,83,0,PC,2020/08/04 13:18:37

02,DC02,4589747972468,XG-3708P,【シャビーシック】アンティーク木製ワゴン DIAN（ディアン）Type BOX,,2HA2,理美容・ヘア,37,0,0,9,28,0,28,0,PC,2020/08/04 13:42:58

02,DC02,4589747972475,XG-3709P,【シャビーシック】アンティーク木製ワゴン DIAN（ディアン）Type BOX,,2HA2,理美容・ヘア,16,0,0,0,16,48,64,0,PC,2020/07/30 14:09:59

02,DC02,4589747972765,EV-2972P,フェイシャルスチーマーCHROMO MIST Ⅳ【クロモミストⅣ】（HOT&CO,,2ES2,エステティック,77,0,0,0,77,0,77,0,PC,2020/08/04 13:45:01

02,DC02,4589747972772,DO-0815P,プロティズモEX用ACアダプター LYD2408300FAK,,2ES2,エステティック,26,0,0,0,26,0,26,0,PC,2020/08/04 16:12:55

02,DC02,4589747972864,MI-2094P,【スタイリングウォールミラー】ロココブラックゴールド（ノーマルサイズ）,,2HA2,理美容・ヘア,12,0,0,0,12,0,12,0,PC,2020/07/16 14:03:56

02,DC02,4589747972871,MI-2095P,【スタイリングウォールミラー】ロココシルバー（ノーマルサイズ）,,2HA2,理美容・ヘア,21,0,0,0,21,0,21,0,PC,2020/07/20 14:03:15

02,DC02,4589747973106,SE-6606P,【シャビーシック】スタイリングチェアLUMINOUS（ルミナス）アームレス アッ,,2HA2,理美容・ヘア,46,0,0,0,46,0,46,0,PC,2020/07/31 13:42:44

02,DC02,4589747973113,SE-6607P,【シャビーシック】スタイリングチェアLUMINOUS（ルミナス）アームレス アッ,,2HA2,理美容・ヘア,47,4,0,0,43,0,43,0,PC,2020/08/01 15:57:10

02,DC02,4589747973120,MO-0035P,インダストリアル片面ドレッサーPLUMB（上部） アンティークブラウン,,2HA2,理美容・ヘア,32,10,3,0,22,77,99,0,PC,2020/08/04 13:11:08

02,DC02,4589747973137,MO-0036P,インダストリアル片面ドレッサーPLUMB（下部） アンティークブラウン,,2HA2,理美容・ヘア,21,10,3,0,11,77,88,0,PC,2020/08/04 13:11:08

02,DC02,4589747973151,MO-0038P,インダストリアル片面ドレッサー PLUMB（下部）アンティークホワイト,,2HA2,理美容・ヘア,0,0,0,0,0,32,32,0,PC,1900/01/01 00:00:00

02,DC02,4589747973168,MO-0037P,インダストリアル片面ドレッサー PLUMB（上部）アンティークホワイト,,2HA2,理美容・ヘア,4,0,0,0,4,32,36,0,PC,2020/03/10 17:36:30

02,DC02,4589747973182,XG-3732P,【シャビーシック】アンティーク木製ワゴン MINERVA（ミネルヴァ）,,2HA2,理美容・ヘア,84,2,2,0,82,0,82,0,PC,2020/08/04 11:32:47

02,DC02,4589747973199,XG-3733P,【シャビーシック】アンティーク木製ワゴン MINERVA（ミネルヴァ）,,2HA2,理美容・ヘア,65,0,0,0,65,0,65,0,PC,2020/07/22 09:56:05

02,DC02,4589747973229,101453,【シャビーシック】アンティーク木製ロッカー アンティークブラウン,,2HA2,理美容・ヘア,26,0,0,0,26,15,41,0,PC,2020/07/30 15:40:53

02,DC02,4589747973236,101454,【シャビーシック】アンティーク木製ロッカー アンティークホワイト,,2HA2,理美容・ヘア,27,0,0,0,27,20,47,0,PC,2020/08/04 13:42:08

02,DC02,4589747973243,XN-0002P,【シャビーシック】アンティーク木製シェルフ MERCURY（マーキュリー）,,2HA2,理美容・ヘア,17,0,0,0,17,26,43,0,PC,2020/06/25 16:36:23

02,DC02,4589747973250,XN-0003P,【シャビーシック】天然木製シェルフMERCURY専用ブックスタンド,,2HA2,理美容・ヘア,33,0,0,0,33,29,62,0,PC,2020/06/10 15:16:32

02,DC02,4589747973267,101450,【シャビーシック】アンティーク木製サイドチェスト アンティークブラウン,,2HA2,理美容・ヘア,28,0,0,0,28,29,57,0,PC,2020/07/31 13:47:15

02,DC02,4589747973274,101451,【シャビーシック】アンティーク木製サイドチェスト アンティークホワイト,,2HA2,理美容・ヘア,14,1,0,0,13,0,13,0,PC,2020/07/27 14:11:54

02,DC02,4589747973304,AS-1551P,【シャビーシック】マルチチェア jewel（ジュエル）アッシュホワイト,,2NA2,ネイル,20,0,0,0,20,0,20,0,PC,2020/08/03 13:49:40

02,DC02,4589747973311,AS-1552P,【シャビーシック】マルチチェア jewel（ジュエル）アッシュブラウン,,2NA2,ネイル,46,0,0,0,46,0,46,0,PC,2020/07/21 14:51:42

02,DC02,4589747973328,AT-0504P,【シャビーシック】ネイルテーブル poire（ポワール）,,2NA2,ネイル,32,2,2,0,30,0,30,0,PC,2020/08/03 11:52:47

02,DC02,4589747973335,AT-0505P,【シャビーシック】ネイルテーブル loiret（ロワレ）,,2NA2,ネイル,40,0,0,0,40,0,40,0,PC,2020/08/03 13:25:36

02,DC02,4589747973397,100868,【シャビーシック】木製アンティークレジカウンター VICTOIRE-900（ヴィ,,2HA2,理美容・ヘア,83,1,1,0,82,5,87,0,PC,2020/08/04 17:33:00

02,DC02,4589747973403,100869,【シャビーシック】木製アンティークレジカウンター VICTOIRE-900（ヴィ,,2HA2,理美容・ヘア,48,0,0,0,48,35,83,0,PC,2020/08/04 17:35:15

02,DC02,4589747973410,DM-9653P,【FORTE】高級木製リクライニングベッド「フォルテ」,,2ES2,エステティック,41,0,0,0,41,0,41,0,PC,2020/07/28 14:36:21

02,DC02,4589747973472,XG-3740P,業務用毛髪バキュームクリーナー（ワゴン）,,2HA2,理美容・ヘア,8,0,0,0,8,0,8,0,PC,2020/07/02 14:57:08

02,DC02,4589747973502,SO-5644P,5本脚ベースSG-3,,2HA2,理美容・ヘア,29,0,0,0,29,0,29,0,PC,2020/08/03 11:42:56

02,DC02,4589747973519,SO-5645P,丸盤ベースSG-1D,,2HA2,理美容・ヘア,70,0,0,0,70,15,85,0,PC,2019/06/14 09:48:53

02,DC02,4589747973526,SO-5646P,【ラグジュアリー】スタイリングチェア RENZO（トップ） ヴィンテージブラック,,2HA2,理美容・ヘア,45,0,0,0,45,48,93,0,PC,2020/07/29 16:31:19

02,DC02,4589747973533,SO-5647P,【TOUGH DESIGN PRODUCT】T802（トップ） アッシュグレー,,2HA2,理美容・ヘア,52,0,0,0,52,0,52,0,PC,2020/07/20 17:23:58

02,DC02,4589747973540,SO-5648P,【TOUGH DESIGN PRODUCT】T802（トップ） キャメルブラウン,,2HA2,理美容・ヘア,5,0,0,0,5,0,5,0,PC,2020/06/02 13:27:50

02,DC02,4589747973557,SO-5649P,【TOUGH DESIGN PRODUCT】T402（トップ） グレージュ,,2HA2,理美容・ヘア,14,2,1,0,12,40,52,0,PC,2020/07/30 11:34:32

02,DC02,4589747973564,SO-5650P,【TOUGH DESIGN PRODUCT】T402（トップ） リーフベージュ,,2HA2,理美容・ヘア,4,0,0,0,4,0,4,0,PC,2020/08/03 10:02:52

02,DC02,4589747973571,SO-5651P,【アーバン】スタイリングチェアARNET（トップ） アッシュグレー,,2HA2,理美容・ヘア,18,0,0,0,18,36,54,0,PC,2020/08/03 13:44:18

02,DC02,4589747973588,SO-5652P,【アーバン】スタイリングチェアARNET（トップ） アッシュホワイト,,2HA2,理美容・ヘア,28,0,0,0,28,0,28,0,PC,2020/08/03 13:44:18

02,DC02,4589747973649,SO-5656P,【アーバン】スタイリングチェアHD-110（トップ） ダークブラウン,,2HA2,理美容・ヘア,20,0,0,0,20,30,50,0,PC,2020/07/21 11:52:44

02,DC02,4589747973656,SO-5657P,【アーバン】スタイリングチェアHD-110（トップ） ブラック,,2HA2,理美容・ヘア,65,0,0,0,65,30,95,0,PC,2020/07/28 17:29:03

02,DC02,4589747973663,SO-5658P,【アーバン】スタイリングチェアHD-115（トップ） ダークブラウン,,2HA2,理美容・ヘア,70,13,7,0,57,94,151,0,PC,2020/07/28 17:30:28

02,DC02,4589747973670,SO-5659P,【アーバン】スタイリングチェアHD-115（トップ） ブラック,,2HA2,理美容・ヘア,81,0,0,0,81,6,87,0,PC,2020/07/30 17:39:10

02,DC02,4589747973687,DX-1873P,手動ラウンジチェア SHIFFON Jr-S （シフォンジュニア エス）ホワイト,,2ES2,エステティック,55,1,1,0,54,0,54,0,PC,2020/07/31 17:01:40

02,DC02,4589747973724,DX-1874P,手動ラウンジチェア SHIFFON Jr-S（シフォンジュニア エス）ダークブラ,,2ES2,エステティック,57,0,0,0,57,0,57,0,PC,2020/08/03 16:25:54

02,DC02,4589747973748,DM-9667P,オリエンタルスパベッド【LUSSO】（ルッソ）,,2ES2,エステティック,34,0,0,0,34,1,35,0,PC,2020/07/27 16:20:41

02,DC02,4589747974103,SE-6708P,【ヴィンテージ】スタイリングチェアJACK ヴィンテージブラウン,,2HA2,理美容・ヘア,46,0,0,0,46,0,46,0,PC,2020/07/27 11:11:31

02,DC02,4589747974233,KO-1851P,リラクゼーションシャンプーユニットFluffy（本体）,,2HA2,理美容・ヘア,23,0,0,0,23,297,320,0,PC,2020/07/20 18:33:08

02,DC02,4589747974240,KO-1852P,リラクゼーションシャンプーユニットFluffy（本体）,,2HA2,理美容・ヘア,20,0,0,0,20,60,80,0,PC,2020/07/20 18:34:57

02,DC02,4589747974257,KO-1853P,Fluffy専用シャンプースタンド（本体）,,2HA2,理美容・ヘア,52,0,0,0,52,348,400,0,PC,2020/07/20 18:35:20

02,DC02,4589747974271,100139,【シャビーシック】スタイリングチェアNOE（トップ）アンティークブラウン,,2HA2,理美容・ヘア,35,0,0,0,35,0,35,0,PC,2020/08/03 14:20:56

02,DC02,4589747974288,100142,【シャビーシック】スタイリングチェアNOE（トップ）アンティークホワイト,,2HA2,理美容・ヘア,19,0,0,0,19,1,20,0,PC,2020/08/04 15:31:37

02,DC02,4589747974332,100065,DC02　東京SR宛　返送用伝票,,,,548,0,0,0,548,0,548,0,PC,2020/08/03 11:13:22

02,DC02,4589747974349,100066,DC02　大阪SR宛　返送用伝票,,,,721,0,0,0,721,0,721,0,PC,2020/08/03 15:05:53

02,DC02,4589747974356,100068,DC02　福岡SR宛　返送用伝票,,,,853,0,0,0,853,0,853,0,PC,2020/08/04 15:46:03

02,DC02,4589747974363,100072,DC02　名古屋SR宛　返送用伝票,,,,840,0,0,0,840,0,840,0,PC,2020/08/04 15:31:58

02,DC02,4589747974370,100071,DC02　広島SR宛　返送用伝票,,,,507,0,0,0,507,0,507,0,PC,2020/08/04 15:12:57

02,DC02,4589747974387,100070,DC02　仙台SR宛　返送用伝票,,,,483,0,0,0,483,0,483,0,PC,2020/07/30 14:26:31

02,DC02,4589747974394,100069,DC02　札幌SR宛　返送用伝票,,,,492,0,0,0,492,0,492,0,PC,2020/07/28 15:19:34

02,DC02,4589747974400,100073,DC02　金沢SR　返送用伝票,,,,495,0,0,0,495,0,495,0,PC,2020/07/14 14:50:48

02,DC02,4589747974417,100075,DC02　物流センター宛　返送用伝票,,,,109,0,0,0,109,0,109,0,PC,2020/03/24 11:53:48

02,DC02,4589747974424,100074,DC02　アスプルンド　返送用伝票,,,,37,0,0,0,37,0,37,0,PC,2019/04/01 09:30:31

02,DC02,4589747974615,101295,カータイプセットイス 「ポルシェカレラ」（トップ） レッド,,2HA2,理美容・ヘア,1,0,0,0,1,0,1,0,PC,2020/07/22 15:20:58

02,DC02,4589747974660,101235,シンプルネイルテーブル Type TS,,2NA2,ネイル,71,0,0,0,71,0,71,0,PC,2020/08/03 09:55:14

02,DC02,4589747974677,106735,ネイルテーブル シングルキャビネット Basic キャビネット部,,,,62,0,0,0,62,0,62,0,PC,2020/07/31 11:06:25

02,DC02,4589747975292,103207,ソファ用ネイルテーブルB07(キャスター付き),,2NA2,ネイル,2,0,0,0,2,0,2,0,PC,2020/07/30 16:52:59

02,DC02,4589747975308,103293,フットケアステージ 本体,,2NA2,ネイル,76,8,3,0,68,6,74,0,PC,2020/08/04 17:36:11

02,DC02,4589747975421,105185,フットケアステージ 本体,,2NA2,ネイル,43,1,0,0,42,0,42,0,PC,2020/08/03 11:39:55

02,DC02,4589747976473,105923,カータイプセットイス 「ポルシェカレラ」（トップ） ホワイト,,2HA2,理美容・ヘア,1,0,0,0,1,0,1,0,PC,2020/01/07 18:07:01

02,DC02,4589747976480,105925,カータイプセットイス 「ポルシェカレラ」（トップ） オレンジ,,2HA2,理美容・ヘア,1,0,0,0,1,0,1,0,PC,2020/01/05 19:24:08

02,DC02,4589747976619,106736,ネイルテーブル シングルキャビネット Basic 天板部,,,,64,0,0,0,64,0,64,0,PC,2020/07/31 11:06:25

02,DC02,4589747976749,108127,フットケアステージ カート,,,,21,2,0,0,19,0,19,0,PC,2020/08/04 15:16:23

02,DC02,4589747976756,108128,フットケアステージ カート,,,,5,0,0,0,5,0,5,0,PC,2020/07/31 15:30:21

02,DC02,4589747977210,110499,シャンプースタンド（本体） ホワイト/ブラック,,2HA2,理美容・ヘア,1,0,0,0,1,0,1,0,PC,2020/03/26 17:46:32

02,DC02,4589747977227,110500,シャンプースタンド（本体） ブラック/ブラック,,2HA2,理美容・ヘア,4,0,0,0,4,0,4,0,PC,2020/06/16 15:55:03

02,DC02,4589747977340,110621,【AUBE様用】【アーバン】スタイリングチェアHD-115（トップ） ダークブラ,,2HA2,理美容・ヘア,184,15,0,0,169,250,419,0,PC,2020/07/28 09:38:21

02,DC02,4589747977357,110622,【AUBE様用】5本脚ベースHD-7M,,2HA2,理美容・ヘア,334,15,0,0,319,100,419,0,PC,2020/07/28 17:26:21

02,DC02,4589747977364,110623,【AUBE様用】リラクゼーションシャンプーユニットRUBINO【BASIC】（本,,2HA2,理美容・ヘア,100,0,0,0,100,0,100,0,PC,2020/07/27 17:42:44

02,DC02,4589747977371,110624,【AUBE様用】シャンプースタンド（本体） ホワイト/ブラック,,2HA2,理美容・ヘア,100,0,0,0,100,0,100,0,PC,2020/07/21 09:51:25

02,DC02,4589747977647,113395,ミニマルスツール,,,,127,0,0,0,127,0,127,0,PC,2020/08/01 15:39:30

02,DC02,4589747977685,113657,リラクゼーションシャンプーユニットSPAZIO【BASIC】（本体） ダークブラ,,2HA2,理美容・ヘア,6,0,0,0,6,0,6,0,PC,2020/05/22 10:01:06

02,DC02,4589747977708,115789,複合フェイシャルスチーマーCHROMO MIST Ⅳ multi-F（HOT&C,,,,55,0,0,0,55,0,55,0,PC,2020/08/03 13:36:41

02,DC02,4589747977999,115603,【パーツリスト】センタークッション（RIBINO）ダークブラウン,,2HA2,理美容・ヘア,2,0,0,0,2,0,2,0,PC,2019/11/08 10:30:26

02,DC02,4589747978026,115624,リラクゼーションシャンプーユニットRUBINO【DELUXE-R】（本体）ダーク,,2HA2,理美容・ヘア,66,3,1,0,63,0,63,0,PC,2020/07/31 09:40:22

02,DC02,4589747978033,115625,リラクゼーションシャンプーユニットRUBINO【DELUXE-R】（本体）ブラッ,,2HA2,理美容・ヘア,32,2,0,0,30,0,30,0,PC,2020/08/04 17:26:14

02,DC02,4589747978064,115725,サーモ金具セットMW-240BG4-120-21CC-45,,2HA2,理美容・ヘア,1680,14,5,0,1666,0,1666,0,PC,2020/08/04 15:10:53

02,DC02,4589747978071,115727,台付シングルレバー混合栓MLZ680MMBG4-SH120,,2HA2,理美容・ヘア,266,3,3,0,263,0,263,0,PC,2020/08/04 14:55:42

02,DC02,4589747978101,115771,シャンプースタンドⅡ（本体）ホワイト,,2HA2,理美容・ヘア,91,12,4,0,79,812,891,0,PC,2020/08/04 15:10:53

02,DC02,4589747978118,115810,シャンプースタンドⅡ（本体）ブラック,,2HA2,理美容・ヘア,41,1,1,0,40,185,225,0,PC,2020/08/04 14:55:42

02,DC02,4589747978125,115813,シャンプースタンドM（本体）ホワイト,,2HA2,理美容・ヘア,52,3,2,0,49,24,73,0,PC,2020/08/03 09:31:49

02,DC02,4589747978132,115923,シャンプースタンドM（本体）ブラック,,2HA2,理美容・ヘア,52,1,1,0,51,33,84,0,PC,2020/08/03 13:15:02

02,DC02,4589747978149,115925,リラクゼーションシャンプーユニットSPAZIO-M【BASIC】（本体） ダーク,,2HA2,理美容・ヘア,25,1,0,0,24,5,29,0,PC,2020/08/03 13:15:02

02,DC02,4589747978156,115926,リラクゼーションシャンプーユニットSPAZIO-M【BASIC】（本体） ブラッ,,2HA2,理美容・ヘア,35,1,1,0,34,5,39,0,PC,2020/07/30 17:22:47

02,DC02,4589747978163,115928,ドライヤーキーパー（スタイリングチェア用）,,2HA2,理美容・ヘア,599,0,0,0,599,0,599,0,PC,2020/07/16 10:59:31

02,DC02,4589747978170,115929,リラクゼーションシャンプーユニットSPAZIO-M【DELUXE】（本体） ダー,,2HA2,理美容・ヘア,32,0,0,0,32,12,44,0,PC,2020/08/03 17:56:02

02,DC02,4589747978187,115930,リラクゼーションシャンプーユニットSPAZIO-M【DELUXE】（本体） ブラ,,2HA2,理美容・ヘア,40,2,2,0,38,8,46,0,PC,2020/07/17 14:11:43

02,DC02,4589747978224,116972,【CASA様専用】【シャビーシック】天然木製両面ドレッサーLOUISⅡ（ルイⅡ）,,2HA2,理美容・ヘア,173,0,0,60,113,0,113,0,PC,2020/07/08 09:58:19

02,DC02,4589747978231,116973,【CASA様専用】【シャビーシック】天然木製両面ドレッサーLOUISⅡ（ルイⅡ）,,2HA2,理美容・ヘア,174,0,0,60,114,0,114,0,PC,2020/07/27 16:52:54

02,DC02,4589747978248,116974,【CASA様専用】【シャビーシック】天然木製バックシャンプーキャビネットRENE,,2HA2,理美容・ヘア,127,0,0,45,82,0,82,0,PC,2020/07/08 09:58:19

02,DC02,4589747978323,117666,手動シャンプーイスHD-178(トップ）ダークブラウン,,2HA2,理美容・ヘア,30,0,0,0,30,0,30,0,PC,2020/07/25 18:20:47

02,DC02,4589747978330,117667,手動シャンプーイスHD-178(トップ）ブラック,,2HA2,理美容・ヘア,28,0,0,0,28,0,28,0,PC,2020/08/04 13:17:04

02,DC02,4589747978347,117322,【カフェラウンジ】スタイリングチェアFUWARI（本体）ブラウン,,2HA2,理美容・ヘア,46,0,0,0,46,0,46,0,PC,2020/07/31 17:28:38

02,DC02,4589747978354,117343,【カフェラウンジ】スタイリングチェアFUWARI（チェアシート）ブラウン,,2HA2,理美容・ヘア,30,0,0,0,30,0,30,0,PC,2020/07/25 16:11:40

02,DC02,4589747978361,117345,【カフェラウンジ】スタイリングチェアFUWARI（ソファシート）ブラウン,,2HA2,理美容・ヘア,16,0,0,0,16,0,16,0,PC,2020/07/30 11:29:28

02,DC02,4589747978378,117347,【カフェラウンジ】スタイリングチェアFUWARI（本体）グレー,,2HA2,理美容・ヘア,50,0,0,0,50,0,50,0,PC,2020/07/30 08:46:59

02,DC02,4589747978385,117348,【カフェラウンジ】スタイリングチェアFUWARI（チェアシート）グレー,,2HA2,理美容・ヘア,30,0,0,0,30,0,30,0,PC,2020/07/25 15:41:02

02,DC02,4589747978392,117349,【カフェラウンジ】スタイリングチェアFUWARI（ソファシート）グレー,,2HA2,理美容・ヘア,20,0,0,0,20,0,20,0,PC,2020/07/25 15:24:57

02,DC02,4589747978408,117083,【CASA様専用】【シャビーシック】天然木製片面ドレッサーLOUISIIブラウン,,2HA2,理美容・ヘア,23,0,0,20,3,0,3,0,PC,2020/08/01 15:39:30

02,DC02,4589747978415,117102,【CASA様専用】【シャビーシック】天然木製片面ドレッサーLOUISⅡ（ルイⅡ）,,2HA2,理美容・ヘア,23,0,0,10,13,0,13,0,PC,2020/07/14 13:09:31

02,DC02,4589747978422,117104,【CASA様専用】【シャビーシック】木製アンティークレジカウンター VICTOI,,2HA2,理美容・ヘア,32,0,0,16,16,0,16,0,PC,2020/08/03 17:16:13

02,DC02,4589747978439,117105,【CASA様専用】【シャビーシック】木製アンティークレジカウンターVICTOIR,,2HA2,理美容・ヘア,28,0,0,8,20,0,20,0,PC,2020/07/15 14:47:27

02,DC02,4589747978569,118091,バックシャンプーユニット MR-0520（本体）ダークブラウン,,2HA2,理美容・ヘア,0,0,0,0,0,30,30,0,PC,1900/01/01 00:00:00

02,DC02,4589747978576,118092,バックシャンプーユニット MR-0310（本体）ブラック,,2HA2,理美容・ヘア,0,0,0,0,0,30,30,0,PC,1900/01/01 00:00:00

02,DC02,4589747980401,130275,【シャビーシック】天然木製サイドシャンプーキャビネットRENE-S（上部のみ）M,,2HA2,理美容・ヘア,48,0,0,0,48,0,48,0,PC,2020/07/27 16:24:03

02,DC02,4589747980425,130277,【シャビーシック】天然木製バックシャンプーキャビネットRENE-B（上部のみ）ビ,,2HA2,理美容・ヘア,30,0,0,0,30,0,30,0,PC,2020/06/20 14:49:04

02,DC02,4589747980449,130281,【シャビーシック】天然木製バックシャンプーキャビネットRENE-B（上部）ミディ,,2HA2,理美容・ヘア,9,0,0,0,9,0,9,0,PC,2020/06/20 15:21:43

02,DC02,4589747980456,130283,【シャビーシック】天然木製バックシャンプーキャビネットRENE-B（下部）ミディ,,2HA2,理美容・ヘア,11,0,0,0,11,0,11,0,PC,2020/06/20 15:21:43

02,DC02,4966307280964,XO-3726N,ノイズフィルター集中SW付一個口3M白,,2HA2,理美容・ヘア,8,0,0,0,8,10,18,0,PC,2020/07/02 14:57:08

02,DC02,4969887227275,CO-1534N,変換アダプタ TAP-AD1BKN,,2HA2,理美容・ヘア,489,0,0,0,489,0,489,0,PC,2020/08/04 14:59:10

02,DC02,4972883350106,XO-3727N,まるブラシ,,2HA2,理美容・ヘア,7,0,0,0,7,0,7,0,PC,2020/07/02 14:57:08

02,DC02,5604412575412,AT-0190P,デラックスネイルテーブル typeA,,2NA2,ネイル,6,0,0,0,6,0,6,0,PC,2020/07/21 13:36:51

02,DC02,AS-1467A,AS-1467A,シンプルネイルチェア（リクライニング機能付）,,2NA2,ネイル,2,0,0,0,2,0,2,0,PC,2020/08/03 14:05:48

02,DC02,AS-1522A,AS-1522A,シンプルネイルチェア（リクライニング機能付）,,2NA2,ネイル,7,0,0,0,7,0,7,0,PC,2020/08/03 11:52:47

02,DC02,AT-0225A,AT-0225A,スタンダードネイルテーブル,,,,15,0,0,0,15,0,15,0,PC,2020/08/03 10:22:08

02,DC02,BS-1559N,BS-1559N,サーモ金具セットMW-250BG-SH110-900,,2HA2,理美容・ヘア,1,0,0,0,1,0,1,0,PC,2020/01/07 15:38:52

02,DC02,BS-1793N,BS-1793N,サーモ金具（バックシャンプー）TLNW46V3,,,,1,0,0,0,1,0,1,0,PC,2020/01/07 15:26:21

02,DC02,BS-1833N,BS-1833N,壁付用サーモ金具セットMW-240BG-120-8C-2（「,S-GRANDE ）,,,4,0,0,0,4,25,29,0,PC,2020/07/31 13:33:12

02,DC02,BS-1834N,BS-1834N,壁付用シングルレバー混合栓MLZ680MMBG295-120,-8NA,,,64,0,0,0,64,0,64,0,PC,2020/01/07 15:38:52

02,DC02,DB-0631P,DB-0631P,マクラ（カイロベッドC-263用）,,2ML2,マッサージ・リラク,4,0,0,0,4,0,4,0,PC,2020/04/06 14:00:20

02,DC02,DM-9588A,DM-9588A,【FREGA】高級木製リクライニングベッド「フレガ」,,,,1,0,0,0,1,0,1,0,PC,2020/07/31 10:16:41

02,DC02,DM-9635A,DM-9635A,手動昇降マッサージベッドDX（フェイスマット・アームレスト付）,,,,1,0,0,0,1,0,1,0,PC,2020/07/31 10:17:35

02,DC02,DO-0075P,DO-0075P,ヘッドレスト【FIORETTO/FAGGIO用】,,2ES2,エステティック,13,0,0,0,13,0,13,1,PC,2020/06/25 10:04:48

02,DC02,DO-0622P,DO-0622P,有孔マクラ（リクライニング昇降ベッドDX用）,,2ES2,エステティック,1,0,0,0,1,0,1,0,PC,2020/01/07 15:26:21

02,DC02,DO-0717P,DO-0717P,保護シール48mm 4個入,,2ES2,エステティック,453,6,3,0,447,0,447,500,PC,2020/08/04 16:40:30

02,DC02,DO-0801A,DO-0801A,有孔キングマッサージベッドK-5DX（W75本体のみ）,,,,3,0,0,0,3,0,3,0,PC,2020/07/31 10:15:22

02,DC02,DX-1855A,DX-1855A,ラウンジチェアDX（レッグレスト連動タイプ）（ダークブラウン）,,,,1,0,0,0,1,0,1,0,PC,2020/08/04 15:40:11

02,DC02,DX-1857A,DX-1857A,電動ラウンジチェア SHIFFON（シフォン）（ダークブラウン）,,,,3,0,0,0,3,0,3,0,PC,2020/05/09 13:23:03

02,DC02,KO-1846P,KO-1846P,陶器のみ（SPAZIO用） ホワイト,,2HA2,理美容・ヘア,1,0,0,0,1,0,1,0,PC,2020/01/07 15:26:21

02,DC02,MO-0052A,MO-0052A,【シャビーシック】天然木製両面ドレッサーLOUISⅡ（下部） アンティークブラウ,,,,2,0,0,0,2,0,2,0,PC,2020/03/26 17:43:49

02,DC02,SO-0089P,SO-0089P,T602（トップ） ヴィンテージブラウン,,2HA2,理美容・ヘア,1,0,0,0,1,0,1,0,PC,2020/01/07 15:26:21

02,DC02,SO-0091P,SO-0091P,【TOUGH DESIGN PRODUCT】T802（トップ） プレミアホワイト,,2HA2,理美容・ヘア,3,0,0,0,3,0,3,0,PC,2020/01/07 15:38:52

02,DC02,SO-0151P,SO-0151P,マウント・MCベース,,2HA2,理美容・ヘア,29,0,0,0,29,0,29,0,PC,2020/04/27 13:13:07

02,DC02,SO-0152P,SO-0152P,マウント（タフ・木馬用）,,2HA2,理美容・ヘア,13,0,0,0,13,0,13,1,PC,2020/01/07 15:26:21

02,DC02,SO-4499P,SO-4499P,丸盤ベースMC-2,MCB-102,,,1,0,0,0,1,0,1,0,,2020/03/25 18:16:33

02,DC02,SO-5183P,SO-5183P,5本脚ベースMC-3,0,,,1,0,0,0,1,0,1,0,,2020/03/25 18:17:06

02,DC02,SO-5460P,SO-5460P,保護シール25mm 8個入（添付品）,,2HA2,理美容・ヘア,3361,107,47,0,3254,2800,6054,500,PC,2020/08/04 16:36:57

02,DC02,SO-5481A,SO-5481A,5本脚ベースBK-5,,,,1,0,0,0,1,0,1,0,PC,2020/03/26 17:44:04

02,DC02,SO-5486P,SO-5486P,【プレミアム】スタイリングチェア CUBE（限定オリジナルモデル・トップ） キャ,,2HA2,理美容・ヘア,1,0,0,0,1,0,1,0,PC,2020/01/07 15:38:52

02,DC02,XO-3052P,XO-3052P,海外輸出用 02,,,,1887,0,0,0,1887,0,1887,20,PC,2020/07/21 17:11:59

02,DC02,XR-0348A,XR-0348A,【シャビーシック】木製アンティークレジカウンター VICTOIRE-1200（ヴ,,2HA2,理美容・ヘア,3,0,0,0,3,0,3,0,PC,2020/03/26 17:42:20

