Zip_Code 3degit,Pref.,East/West,Duplication,都道府県
1,Hokkaido,East,,北海道
2,Hokkaido,East,,北海道
3,Hokkaido,East,,北海道
4,Hokkaido,East,,北海道
5,Hokkaido,East,,北海道
6,Hokkaido,East,,北海道
7,Hokkaido,East,,北海道
10,Akita,East,,秋田県
11,Akita,East,,秋田県
12,Akita,East,,秋田県
13,Akita,East,,秋田県
14,Akita,East,,秋田県
15,Akita,East,,秋田県
16,Akita,East,,秋田県
17,Akita,East,,秋田県
18,Akita,East,,秋田県
18,Aomori,East,Duplication,青森県
19,Akita,East,,秋田県
20,岩手県,East,,岩手県
21,岩手県,East,,岩手県
22,岩手県,East,,岩手県
23,岩手県,East,,岩手県
24,岩手県,East,,岩手県
25,岩手県,East,,岩手県
26,岩手県,East,,岩手県
27,岩手県,East,,岩手県
28,岩手県,East,,岩手県
29,岩手県,East,,岩手県
30,Aomori,East,,青森県
31,Aomori,East,,青森県
33,Aomori,East,,青森県
34,Aomori,East,,青森県
35,Aomori,East,,青森県
36,Aomori,East,,青森県
37,Aomori,East,,青森県
38,Aomori,East,,青森県
39,Aomori,East,,青森県
40,Hokkaido,East,,北海道
41,Hokkaido,East,,北海道
42,Hokkaido,East,,北海道
43,Hokkaido,East,,北海道
44,Hokkaido,East,,北海道
45,Hokkaido,East,,北海道
46,Hokkaido,East,,北海道
47,Hokkaido,East,,北海道
48,Hokkaido,East,,北海道
49,Hokkaido,East,,北海道
50,Hokkaido,East,,北海道
51,Hokkaido,East,,北海道
52,Hokkaido,East,,北海道
53,Hokkaido,East,,北海道
54,Hokkaido,East,,北海道
55,Hokkaido,East,,北海道
56,Hokkaido,East,,北海道
57,Hokkaido,East,,北海道
58,Hokkaido,East,,北海道
59,Hokkaido,East,,北海道
60,Hokkaido,East,,北海道
61,Hokkaido,East,,北海道
62,Hokkaido,East,,北海道
63,Hokkaido,East,,北海道
64,Hokkaido,East,,北海道
65,Hokkaido,East,,北海道
66,Hokkaido,East,,北海道
67,Hokkaido,East,,北海道
68,Hokkaido,East,,北海道
69,Hokkaido,East,,北海道
70,Hokkaido,East,,北海道
71,Hokkaido,East,,北海道
72,Hokkaido,East,,北海道
73,Hokkaido,East,,北海道
74,Hokkaido,East,,北海道
75,Hokkaido,East,,北海道
76,Hokkaido,East,,北海道
77,Hokkaido,East,,北海道
78,Hokkaido,East,,北海道
79,Hokkaido,East,,北海道
80,Hokkaido,East,,北海道
81,Hokkaido,East,,北海道
82,Hokkaido,East,,北海道
83,Hokkaido,East,,北海道
84,Hokkaido,East,,北海道
85,Hokkaido,East,,北海道
86,Hokkaido,East,,北海道
87,Hokkaido,East,,北海道
88,Hokkaido,East,,北海道
89,Hokkaido,East,,北海道
90,Hokkaido,East,,北海道
91,Hokkaido,East,,北海道
92,Hokkaido,East,,北海道
93,Hokkaido,East,,北海道
94,Hokkaido,East,,北海道
95,Hokkaido,East,,北海道
96,Hokkaido,East,,北海道
97,Hokkaido,East,,北海道
98,Hokkaido,East,,北海道
99,Hokkaido,East,,北海道
100,Tokyo,East,,東京都
101,Tokyo,East,,東京都
102,Tokyo,East,,東京都
103,Tokyo,East,,東京都
104,Tokyo,East,,東京都
105,Tokyo,East,,東京都
106,Tokyo,East,,東京都
107,Tokyo,East,,東京都
108,Tokyo,East,,東京都
110,Tokyo,East,,東京都
111,Tokyo,East,,東京都
112,Tokyo,East,,東京都
113,Tokyo,East,,東京都
114,Tokyo,East,,東京都
115,Tokyo,East,,東京都
116,Tokyo,East,,東京都
120,Tokyo,East,,東京都
121,Tokyo,East,,東京都
123,Tokyo,East,,東京都
124,Tokyo,East,,東京都
125,Tokyo,East,,東京都
130,Tokyo,East,,東京都
131,Tokyo,East,,東京都
132,Tokyo,East,,東京都
133,Tokyo,East,,東京都
134,Tokyo,East,,東京都
135,Tokyo,East,,東京都
136,Tokyo,East,,東京都
140,Tokyo,East,,東京都
141,Tokyo,East,,東京都
142,Tokyo,East,,東京都
143,Tokyo,East,,東京都
144,Tokyo,East,,東京都
145,Tokyo,East,,東京都
146,Tokyo,East,,東京都
150,Tokyo,East,,東京都
151,Tokyo,East,,東京都
152,Tokyo,East,,東京都
153,Tokyo,East,,東京都
154,Tokyo,East,,東京都
155,Tokyo,East,,東京都
156,Tokyo,East,,東京都
157,Tokyo,East,,東京都
158,Tokyo,East,,東京都
160,Tokyo,East,,東京都
161,Tokyo,East,,東京都
162,Tokyo,East,,東京都
163,Tokyo,East,,東京都
164,Tokyo,East,,東京都
165,Tokyo,East,,東京都
166,Tokyo,East,,東京都
167,Tokyo,East,,東京都
168,Tokyo,East,,東京都
169,Tokyo,East,,東京都
170,Tokyo,East,,東京都
171,Tokyo,East,,東京都
173,Tokyo,East,,東京都
174,Tokyo,East,,東京都
175,Tokyo,East,,東京都
176,Tokyo,East,,東京都
177,Tokyo,East,,東京都
178,Tokyo,East,,東京都
179,Tokyo,East,,東京都
180,Tokyo,East,,東京都
181,Tokyo,East,,東京都
182,Tokyo,East,,東京都
183,Tokyo,East,,東京都
184,Tokyo,East,,東京都
185,Tokyo,East,,東京都
186,Tokyo,East,,東京都
187,Tokyo,East,,東京都
188,Tokyo,East,,東京都
189,Tokyo,East,,東京都
190,Tokyo,East,,東京都
191,Tokyo,East,,東京都
192,Tokyo,East,,東京都
193,Tokyo,East,,東京都
194,Tokyo,East,,東京都
195,Tokyo,East,,東京都
196,Tokyo,East,,東京都
197,Tokyo,East,,東京都
198,Tokyo,East,,東京都
199,Kanagawa,East,,神奈川県
201,Tokyo,East,,東京都
202,Tokyo,East,,東京都
203,Tokyo,East,,東京都
204,Tokyo,East,,東京都
205,Tokyo,East,,東京都
206,Tokyo,East,,東京都
207,Tokyo,East,,東京都
208,Tokyo,East,,東京都
210,Kanagawa,East,,神奈川県
211,Kanagawa,East,,神奈川県
213,Kanagawa,East,,神奈川県
214,Kanagawa,East,,神奈川県
215,Kanagawa,East,,神奈川県
216,Kanagawa,East,,神奈川県
220,Kanagawa,East,,神奈川県
221,Kanagawa,East,,神奈川県
222,Kanagawa,East,,神奈川県
223,Kanagawa,East,,神奈川県
224,Kanagawa,East,,神奈川県
225,Kanagawa,East,,神奈川県
226,Kanagawa,East,,神奈川県
227,Kanagawa,East,,神奈川県
228,Kanagawa,East,,神奈川県
229,Kanagawa,East,,神奈川県
230,Kanagawa,East,,神奈川県
231,Kanagawa,East,,神奈川県
232,Kanagawa,East,,神奈川県
233,Kanagawa,East,,神奈川県
234,Kanagawa,East,,神奈川県
235,Kanagawa,East,,神奈川県
236,Kanagawa,East,,神奈川県
237,Kanagawa,East,,神奈川県
238,Kanagawa,East,,神奈川県
239,Kanagawa,East,,神奈川県
240,Kanagawa,East,,神奈川県
241,Kanagawa,East,,神奈川県
242,Kanagawa,East,,神奈川県
243,Kanagawa,East,,神奈川県
244,Kanagawa,East,,神奈川県
245,Kanagawa,East,,神奈川県
246,Kanagawa,East,,神奈川県
247,Kanagawa,East,,神奈川県
248,Kanagawa,East,,神奈川県
249,Kanagawa,East,,神奈川県
250,Kanagawa,East,,神奈川県
251,Kanagawa,East,,神奈川県
252,Kanagawa,East,,神奈川県
253,Kanagawa,East,,神奈川県
254,Kanagawa,East,,神奈川県
255,Kanagawa,East,,神奈川県
256,Kanagawa,East,,神奈川県
257,Kanagawa,East,,神奈川県
258,Kanagawa,East,,神奈川県
259,Kanagawa,East,,神奈川県
260,Chiba,East,,千葉県
261,Chiba,East,,千葉県
262,Chiba,East,,千葉県
263,Chiba,East,,千葉県
264,Chiba,East,,千葉県
265,Chiba,East,,千葉県
266,Chiba,East,,千葉県
267,Chiba,East,,千葉県
270,Chiba,East,,千葉県
271,Chiba,East,,千葉県
272,Chiba,East,,千葉県
273,Chiba,East,,千葉県
274,Chiba,East,,千葉県
275,Chiba,East,,千葉県
276,Chiba,East,,千葉県
277,Chiba,East,,千葉県
278,Chiba,East,,千葉県
279,Chiba,East,,千葉県
282,Chiba,East,,千葉県
283,Chiba,East,,千葉県
284,Chiba,East,,千葉県
285,Chiba,East,,千葉県
286,Chiba,East,,千葉県
287,Chiba,East,,千葉県
288,Chiba,East,,千葉県
289,Chiba,East,,千葉県
290,Chiba,East,,千葉県
292,Chiba,East,,千葉県
293,Chiba,East,,千葉県
294,Chiba,East,,千葉県
295,Chiba,East,,千葉県
296,Chiba,East,,千葉県
297,Chiba,East,,千葉県
298,Chiba,East,,千葉県
299,Chiba,East,,千葉県
300,Ibaragi,East,,茨城県
301,Ibaragi,East,,茨城県
302,Ibaragi,East,,茨城県
303,Ibaragi,East,,茨城県
304,Ibaragi,East,,茨城県
305,Ibaragi,East,,茨城県
306,Ibaragi,East,,茨城県
307,Ibaragi,East,,茨城県
307,Tochigi,East,Duplication,栃木県
308,Ibaragi,East,,茨城県
309,Ibaragi,East,,茨城県
310,Ibaragi,East,,茨城県
311,Ibaragi,East,,茨城県
311,Tochigi,East,Duplication,栃木県
312,Ibaragi,East,,茨城県
313,Ibaragi,East,,茨城県
314,Ibaragi,East,,茨城県
315,Ibaragi,East,,茨城県
316,Ibaragi,East,,茨城県
317,Ibaragi,East,,茨城県
318,Ibaragi,East,,茨城県
319,Ibaragi,East,,茨城県
320,Tochigi,East,,栃木県
321,Tochigi,East,,栃木県
322,Tochigi,East,,栃木県
323,Tochigi,East,,栃木県
324,Tochigi,East,,栃木県
325,Tochigi,East,,栃木県
326,Tochigi,East,,栃木県
327,Tochigi,East,,栃木県
328,Tochigi,East,,栃木県
329,Tochigi,East,,栃木県
330,Saitama,East,,埼玉県
331,Saitama,East,,埼玉県
332,Saitama,East,,埼玉県
333,Saitama,East,,埼玉県
334,Saitama,East,,埼玉県
335,Saitama,East,,埼玉県
336,Saitama,East,,埼玉県
337,Saitama,East,,埼玉県
338,Saitama,East,,埼玉県
339,Saitama,East,,埼玉県
340,Saitama,East,,埼玉県
341,Saitama,East,,埼玉県
342,Saitama,East,,埼玉県
343,Saitama,East,,埼玉県
344,Saitama,East,,埼玉県
345,Saitama,East,,埼玉県
346,Saitama,East,,埼玉県
347,Saitama,East,,埼玉県
348,Saitama,East,,埼玉県
349,Saitama,East,,埼玉県
349,Tochigi,East,Duplication,栃木県
350,Saitama,East,,埼玉県
351,Saitama,East,,埼玉県
352,Saitama,East,,埼玉県
353,Saitama,East,,埼玉県
354,Saitama,East,,埼玉県
355,Saitama,East,,埼玉県
356,Saitama,East,,埼玉県
357,Saitama,East,,埼玉県
358,Saitama,East,,埼玉県
359,Saitama,East,,埼玉県
360,Saitama,East,,埼玉県
361,Saitama,East,,埼玉県
362,Saitama,East,,埼玉県
363,Saitama,East,,埼玉県
364,Saitama,East,,埼玉県
365,Saitama,East,,埼玉県
366,Saitama,East,,埼玉県
367,Saitama,East,,埼玉県
368,Saitama,East,,埼玉県
369,Saitama,East,,埼玉県
370,Gunma,East,,群馬県
370,Saitama,East,Duplication,埼玉県
371,Gunma,East,,群馬県
372,Gunma,East,,群馬県
373,Gunma,East,,群馬県
374,Gunma,East,,群馬県
375,Gunma,East,,群馬県
376,Gunma,East,,群馬県
377,Gunma,East,,群馬県
378,Gunma,East,,群馬県
379,Gunma,East,,群馬県
380,Nagano,East,,長野県
381,Nagano,East,,長野県
382,Nagano,East,,長野県
383,Nagano,East,,長野県
384,Nagano,East,,長野県
385,Nagano,East,,長野県
386,Nagano,East,,長野県
387,Nagano,East,,長野県
388,Nagano,East,,長野県
389,Gunma,East,,群馬県
389,Nigata,East,Duplication,新潟県
389,Nagano,East,Duplication,長野県
390,Nagano,East,,長野県
391,Nagano,East,,長野県
392,Nagano,East,,長野県
393,Nagano,East,,長野県
394,Nagano,East,,長野県
395,Nagano,East,,長野県
396,Nagano,East,,長野県
397,Nagano,East,,長野県
398,Nagano,East,,長野県
399,Gifu,East,,岐阜県
399,Nagano,East,Duplication,長野県
400,Yamanashi,East,,山梨県
401,Yamanashi,East,,山梨県
402,Yamanashi,East,,山梨県
403,Yamanashi,East,,山梨県
404,Yamanashi,East,,山梨県
405,Yamanashi,East,,山梨県
406,Yamanashi,East,,山梨県
407,Yamanashi,East,,山梨県
408,Yamanashi,East,,山梨県
409,Yamanashi,East,,山梨県
410,Shizuoka,East,,静岡県
411,Shizuoka,East,,静岡県
412,Shizuoka,East,,静岡県
413,Shizuoka,East,,静岡県
414,Shizuoka,East,,静岡県
415,Shizuoka,East,,静岡県
416,Shizuoka,East,,静岡県
417,Shizuoka,East,,静岡県
418,Shizuoka,East,,静岡県
419,Shizuoka,East,,静岡県
420,Shizuoka,East,,静岡県
421,Shizuoka,East,,静岡県
422,Shizuoka,East,,静岡県
424,Shizuoka,East,,静岡県
425,Shizuoka,East,,静岡県
426,Shizuoka,East,,静岡県
427,Shizuoka,East,,静岡県
428,Shizuoka,East,,静岡県
430,Shizuoka,East,,静岡県
431,Aichi,East,,愛知県
431,Shizuoka,East,Duplication,静岡県
432,Shizuoka,East,,静岡県
433,Shizuoka,East,,静岡県
434,Shizuoka,East,,静岡県
435,Shizuoka,East,,静岡県
436,Shizuoka,East,,静岡県
437,Shizuoka,East,,静岡県
438,Shizuoka,East,,静岡県
439,Shizuoka,East,,静岡県
440,Aichi,East,,愛知県
441,Aichi,East,,愛知県
442,Aichi,East,,愛知県
443,Aichi,East,,愛知県
444,Aichi,East,,愛知県
445,Aichi,East,,愛知県
446,Aichi,East,,愛知県
447,Aichi,East,,愛知県
448,Aichi,East,,愛知県
449,Aichi,East,,愛知県
450,Aichi,East,,愛知県
451,Aichi,East,,愛知県
452,Aichi,East,,愛知県
453,Aichi,East,,愛知県
454,Aichi,East,,愛知県
455,Aichi,East,,愛知県
456,Aichi,East,,愛知県
457,Aichi,East,,愛知県
458,Aichi,East,,愛知県
459,Aichi,East,,愛知県
460,Aichi,East,,愛知県
461,Aichi,East,,愛知県
462,Aichi,East,,愛知県
463,Aichi,East,,愛知県
464,Aichi,East,,愛知県
465,Aichi,East,,愛知県
466,Aichi,East,,愛知県
467,Aichi,East,,愛知県
468,Aichi,East,,愛知県
470,Aichi,East,,愛知県
471,Aichi,East,,愛知県
472,Aichi,East,,愛知県
473,Aichi,East,,愛知県
474,Aichi,East,,愛知県
475,Aichi,East,,愛知県
476,Aichi,East,,愛知県
477,Aichi,East,,愛知県
478,Aichi,East,,愛知県
479,Aichi,East,,愛知県
480,Aichi,East,,愛知県
481,Aichi,East,,愛知県
482,Aichi,East,,愛知県
483,Aichi,East,,愛知県
484,Aichi,East,,愛知県
485,Aichi,East,,愛知県
486,Aichi,East,,愛知県
487,Aichi,East,,愛知県
488,Aichi,East,,愛知県
489,Aichi,East,,愛知県
490,Aichi,East,,愛知県
491,Aichi,East,,愛知県
492,Aichi,East,,愛知県
493,Aichi,East,,愛知県
494,Aichi,East,,愛知県
495,Aichi,East,,愛知県
496,Aichi,East,,愛知県
497,Aichi,East,,愛知県
498,Aichi,East,,愛知県
498,Mie,East,Duplication,三重県
500,Gifu,East,,岐阜県
501,Gifu,East,,岐阜県
502,Gifu,East,,岐阜県
503,Gifu,East,,岐阜県
504,Gifu,East,,岐阜県
505,Gifu,East,,岐阜県
506,Gifu,East,,岐阜県
507,Gifu,East,,岐阜県
508,Gifu,East,,岐阜県
509,Gifu,East,,岐阜県
510,Mie,East,,三重県
511,Mie,East,,三重県
512,Mie,East,,三重県
513,Mie,East,,三重県
514,Mie,East,,三重県
515,Mie,East,,三重県
516,Mie,East,,三重県
517,Mie,East,,三重県
518,Mie,East,,三重県
519,Mie,East,,三重県
519,Wakayama,East,Duplication,和歌山県
520,kyoto,East,,京都府
520,Shiga,East,Duplication,滋賀県
521,Shiga,East,,滋賀県
522,Shiga,East,,滋賀県
523,Shiga,East,,滋賀県
524,Shiga,East,,滋賀県
525,Shiga,East,,滋賀県
526,Shiga,East,,滋賀県
527,Shiga,East,,滋賀県
528,Shiga,East,,滋賀県
529,Shiga,East,,滋賀県
530,Osaka,East,,大阪府
531,Osaka,East,,大阪府
532,Osaka,East,,大阪府
533,Osaka,East,,大阪府
534,Osaka,East,,大阪府
535,Osaka,East,,大阪府
536,Osaka,East,,大阪府
537,Osaka,East,,大阪府
538,Osaka,East,,大阪府
539,Osaka,East,,大阪府
540,Osaka,East,,大阪府
541,Osaka,East,,大阪府
542,Osaka,East,,大阪府
543,Osaka,East,,大阪府
544,Osaka,East,,大阪府
545,Osaka,East,,大阪府
546,Osaka,East,,大阪府
547,Osaka,East,,大阪府
549,Osaka,East,,大阪府
550,Osaka,East,,大阪府
551,Osaka,East,,大阪府
552,Osaka,East,,大阪府
553,Osaka,East,,大阪府
554,Osaka,East,,大阪府
555,Osaka,East,,大阪府
556,Osaka,East,,大阪府
557,Osaka,East,,大阪府
558,Osaka,East,,大阪府
559,Osaka,East,,大阪府
560,Osaka,East,,大阪府
561,Osaka,East,,大阪府
562,Osaka,East,,大阪府
563,Osaka,East,,大阪府
563,Hyougo,East,Duplication,兵庫県
564,Osaka,East,,大阪府
565,Osaka,East,,大阪府
566,Osaka,East,,大阪府
567,Osaka,East,,大阪府
568,Osaka,East,,大阪府
569,Osaka,East,,大阪府
570,Osaka,East,,大阪府
571,Osaka,East,,大阪府
572,Osaka,East,,大阪府
573,Osaka,East,,大阪府
574,Osaka,East,,大阪府
575,Osaka,East,,大阪府
576,Osaka,East,,大阪府
577,Osaka,East,,大阪府
578,Osaka,East,,大阪府
579,Osaka,East,,大阪府
580,Osaka,East,,大阪府
581,Osaka,East,,大阪府
582,Osaka,East,,大阪府
583,Osaka,East,,大阪府
584,Osaka,East,,大阪府
585,Osaka,East,,大阪府
586,Osaka,East,,大阪府
587,Osaka,East,,大阪府
588,Osaka,East,,大阪府
589,Osaka,East,,大阪府
590,Osaka,East,,大阪府
591,Osaka,East,,大阪府
592,Osaka,East,,大阪府
593,Osaka,East,,大阪府
594,Osaka,East,,大阪府
595,Osaka,East,,大阪府
596,Osaka,East,,大阪府
597,Osaka,East,,大阪府
598,Osaka,East,,大阪府
599,Osaka,East,,大阪府
600,kyoto,East,,京都府
601,kyoto,East,,京都府
602,kyoto,East,,京都府
603,kyoto,East,,京都府
604,kyoto,East,,京都府
605,kyoto,East,,京都府
606,kyoto,East,,京都府
607,kyoto,East,,京都府
610,kyoto,East,,京都府
611,kyoto,East,,京都府
612,kyoto,East,,京都府
613,kyoto,East,,京都府
614,kyoto,East,,京都府
615,kyoto,East,,京都府
616,kyoto,East,,京都府
617,kyoto,East,,京都府
618,kyoto,East,,京都府
618,Osaka,East,Duplication,大阪府
619,kyoto,East,,京都府
620,kyoto,East,,京都府
621,kyoto,East,,京都府
622,kyoto,East,,京都府
623,kyoto,East,,京都府
624,kyoto,East,,京都府
625,kyoto,East,,京都府
626,kyoto,East,,京都府
627,kyoto,East,,京都府
629,kyoto,East,,京都府
630,Osaka,East,,大阪府
630,Nara,East,Duplication,奈良県
631,Nara,East,,奈良県
632,Nara,East,,奈良県
633,Nara,East,,奈良県
634,Nara,East,,奈良県
635,Nara,East,,奈良県
636,Nara,East,,奈良県
637,Nara,East,,奈良県
638,Nara,East,,奈良県
639,Nara,East,,奈良県
640,Wakayama,East,,和歌山県
641,Wakayama,East,,和歌山県
642,Wakayama,East,,和歌山県
643,Wakayama,East,,和歌山県
644,Wakayama,East,,和歌山県
645,Wakayama,East,,和歌山県
646,Wakayama,East,,和歌山県
647,Mie,East,,三重県
647,Nara,East,Duplication,奈良県
647,Wakayama,East,Duplication,和歌山県
648,Nara,East,,奈良県
648,Wakayama,East,Duplication,和歌山県
649,Wakayama,East,,和歌山県
650,Hyougo,East,,兵庫県
651,Hyougo,East,,兵庫県
652,Hyougo,East,,兵庫県
653,Hyougo,East,,兵庫県
654,Hyougo,East,,兵庫県
655,Hyougo,East,,兵庫県
656,Hyougo,East,,兵庫県
657,Hyougo,East,,兵庫県
658,Hyougo,East,,兵庫県
659,Hyougo,East,,兵庫県
660,Hyougo,East,,兵庫県
661,Hyougo,East,,兵庫県
662,Hyougo,East,,兵庫県
663,Hyougo,East,,兵庫県
664,Hyougo,East,,兵庫県
665,Hyougo,East,,兵庫県
666,Hyougo,East,,兵庫県
667,Hyougo,East,,兵庫県
668,Hyougo,East,,兵庫県
669,Hyougo,East,,兵庫県
670,Hyougo,East,,兵庫県
671,Hyougo,East,,兵庫県
672,Hyougo,East,,兵庫県
673,Hyougo,East,,兵庫県
674,Hyougo,East,,兵庫県
675,Hyougo,East,,兵庫県
676,Hyougo,East,,兵庫県
677,Hyougo,East,,兵庫県
678,Hyougo,East,,兵庫県
679,Hyougo,East,,兵庫県
680,Tottori,East,,鳥取県
681,Tottori,East,,鳥取県
682,Tottori,East,,鳥取県
683,Tottori,East,,鳥取県
684,Tottori,East,,鳥取県
684,Shimane,East,Duplication,島根県
685,Shimane,East,,島根県
689,Tottori,East,,鳥取県
690,Shimane,East,,島根県
691,Shimane,East,,島根県
692,Shimane,East,,島根県
693,Shimane,East,,島根県
694,Shimane,East,,島根県
695,Shimane,East,,島根県
696,Shimane,East,,島根県
697,Shimane,East,,島根県
698,Shimane,East,,島根県
699,Shimane,East,,島根県
700,Okayama,East,,岡山県
701,Okayama,East,,岡山県
702,Okayama,East,,岡山県
703,Okayama,East,,岡山県
704,Okayama,East,,岡山県
705,Okayama,East,,岡山県
706,Okayama,East,,岡山県
707,Okayama,East,,岡山県
708,Okayama,East,,岡山県
709,Okayama,East,,岡山県
710,Okayama,East,,岡山県
711,Okayama,East,,岡山県
712,Okayama,East,,岡山県
713,Okayama,East,,岡山県
714,Okayama,East,,岡山県
715,Okayama,East,,岡山県
716,Okayama,East,,岡山県
717,Okayama,East,,岡山県
718,Okayama,East,,岡山県
719,Okayama,East,,岡山県
720,Hiroshima,East,,広島県
721,Hiroshima,East,,広島県
722,Hiroshima,East,,広島県
723,Hiroshima,East,,広島県
724,Hiroshima,East,,広島県
725,Hiroshima,East,,広島県
726,Hiroshima,East,,広島県
727,Hiroshima,East,,広島県
728,Hiroshima,East,,広島県
729,Hiroshima,East,,広島県
730,Hiroshima,East,,広島県
731,Hiroshima,East,,広島県
732,Hiroshima,East,,広島県
733,Hiroshima,East,,広島県
734,Hiroshima,East,,広島県
735,Hiroshima,East,,広島県
736,Hiroshima,East,,広島県
737,Hiroshima,East,,広島県
738,Hiroshima,East,,広島県
739,Hiroshima,East,,広島県
740,Yamaguchi ,East,,山口県
741,Yamaguchi ,East,,山口県
742,Yamaguchi ,East,,山口県
743,Yamaguchi ,East,,山口県
744,Yamaguchi ,East,,山口県
745,Yamaguchi ,East,,山口県
746,Yamaguchi ,East,,山口県
747,Yamaguchi ,East,,山口県
749,Yamaguchi ,East,,山口県
750,Yamaguchi ,East,,山口県
751,Yamaguchi ,East,,山口県
752,Yamaguchi ,East,,山口県
753,Yamaguchi ,East,,山口県
754,Yamaguchi ,East,,山口県
755,Yamaguchi ,East,,山口県
756,Yamaguchi ,East,,山口県
757,Yamaguchi ,East,,山口県
758,Yamaguchi ,East,,山口県
759,Yamaguchi ,East,,山口県
760,Kagawa,East,,香川県
761,Kagawa,East,,香川県
762,Kagawa,East,,香川県
763,Kagawa,East,,香川県
764,Kagawa,East,,香川県
765,Kagawa,East,,香川県
766,Kagawa,East,,香川県
767,Kagawa,East,,香川県
768,Kagawa,East,,香川県
769,Kagawa,East,,香川県
770,Tokushima,East,,徳島県
771,Tokushima,East,,徳島県
772,Tokushima,East,,徳島県
773,Tokushima,East,,徳島県
774,Tokushima,East,,徳島県
775,Tokushima,East,,徳島県
776,Tokushima,East,,徳島県
777,Tokushima,East,,徳島県
778,Tokushima,East,,徳島県
779,Tokushima,East,,徳島県
780,Kouchi,East,,高知県
781,Kochi,East,,高知県
782,Kochi,East,,高知県
783,Kochi,East,,高知県
784,Kochi,East,,高知県
785,Kochi,East,,高知県
786,Kochi,East,,高知県
787,Kochi,East,,高知県
788,Kochi,East,,高知県
789,Kochi,East,,高知県
790,Ehime,East,,愛媛県
791,Ehime,East,,愛媛県
792,Ehime,East,,愛媛県
793,Ehime,East,,愛媛県
794,Ehime,East,,愛媛県
795,Ehime,East,,愛媛県
796,Ehime,East,,愛媛県
797,Ehime,East,,愛媛県
798,Ehime,East,,愛媛県
799,Ehime,East,,愛媛県
799,Tokushima,East,Duplication,徳島県
800,Fukuoka,East,,福岡県
801,Fukuoka,East,,福岡県
802,Fukuoka,East,,福岡県
803,Fukuoka,East,,福岡県
804,Fukuoka,East,,福岡県
805,Fukuoka,East,,福岡県
806,Fukuoka,East,,福岡県
807,Fukuoka,East,,福岡県
808,Fukuoka,East,,福岡県
809,Fukuoka,East,,福岡県
810,Fukuoka,East,,福岡県
811,Nagasaki,East,,長崎県
811,Fukuoka,East,Duplication,福岡県
812,Fukuoka,East,,福岡県
813,Fukuoka,East,,福岡県
814,Fukuoka,East,,福岡県
815,Fukuoka,East,,福岡県
816,Fukuoka,East,,福岡県
817,Nagasaki,East,,長崎県
818,Fukuoka,East,,福岡県
819,Fukuoka,East,,福岡県
820,Fukuoka,East,,福岡県
821,Fukuoka,East,,福岡県
822,Fukuoka,East,,福岡県
823,Fukuoka,East,,福岡県
824,Fukuoka,East,,福岡県
825,Fukuoka,East,,福岡県
826,Fukuoka,East,,福岡県
827,Fukuoka,East,,福岡県
828,Fukuoka,East,,福岡県
829,Fukuoka,East,,福岡県
830,Fukuoka,East,,福岡県
831,Fukuoka,East,,福岡県
832,Fukuoka,East,,福岡県
833,Fukuoka,East,,福岡県
834,Fukuoka,East,,福岡県
835,Fukuoka,East,,福岡県
836,Fukuoka,East,,福岡県
837,Fukuoka,East,,福岡県
838,Fukuoka,East,,福岡県
839,Ohita,East,,大分県
839,Fukuoka,East,Duplication,福岡県
840,Saga,East,,佐賀県
841,Saga,East,,佐賀県
842,Saga,East,,佐賀県
843,Saga,East,,佐賀県
844,Saga,East,,佐賀県
845,Saga,East,,佐賀県
846,Saga,East,,佐賀県
847,Saga,East,,佐賀県
848,Saga,East,,佐賀県
848,Nagasaki,East,Duplication,長崎県
849,Saga,East,,佐賀県
850,Nagasaki,East,,長崎県
851,Nagasaki,East,,長崎県
852,Nagasaki,East,,長崎県
853,Nagasaki,East,,長崎県
854,Nagasaki,East,,長崎県
855,Nagasaki,East,,長崎県
856,Nagasaki,East,,長崎県
857,Nagasaki,East,,長崎県
858,Nagasaki,East,,長崎県
859,Nagasaki,East,,長崎県
860,Kumamoto,East,,熊本県
861,Kumamoto,East,,熊本県
862,Kumamoto,East,,熊本県
863,Kumamoto,East,,熊本県
864,Kumamoto,East,,熊本県
865,Kumamoto,East,,熊本県
866,Kumamoto,East,,熊本県
867,Kumamoto,East,,熊本県
868,Kumamoto,East,,熊本県
869,Kumamoto,East,,熊本県
870,Ohita,East,,大分県
871,Ohita,East,,大分県
871,Fukuoka,East,Duplication,福岡県
872,Ohita,East,,大分県
873,Ohita,East,,大分県
874,Ohita,East,,大分県
875,Ohita,East,,大分県
876,Ohita,East,,大分県
877,Ohita,East,,大分県
878,Ohita,East,,大分県
879,Ohita,East,,大分県
880,Miyazaki,East,,宮崎県
881,Miyazaki,East,,宮崎県
882,Miyazaki,East,,宮崎県
883,Miyazaki,East,,宮崎県
884,Miyazaki,East,,宮崎県
885,Miyazaki,East,,宮崎県
886,Miyazaki,East,,宮崎県
887,Miyazaki,East,,宮崎県
888,Miyazaki,East,,宮崎県
889,Miyazaki,East,,宮崎県
890,Kagoshima,East,,鹿児島県
891,Kagoshima,East,,鹿児島県
892,Kagoshima,East,,鹿児島県
893,Kagoshima,East,,鹿児島県
894,Kagoshima,East,,鹿児島県
895,Kagoshima,East,,鹿児島県
896,Kagoshima,East,,鹿児島県
897,Kagoshima,East,,鹿児島県
898,Kagoshima,East,,鹿児島県
899,Kagoshima,East,,鹿児島県
900,Okinawa,East,,沖縄県
901,Okinawa,East,,沖縄県
902,Okinawa,East,,沖縄県
903,Okinawa,East,,沖縄県
904,Okinawa,East,,沖縄県
905,Okinawa,East,,沖縄県
906,Okinawa,East,,沖縄県
907,Okinawa,East,,沖縄県
910,Fukui,East,,福井県
911,Fukui,East,,福井県
912,Fukui,East,,福井県
913,Fukui,East,,福井県
914,Fukui,East,,福井県
915,Fukui,East,,福井県
916,Fukui,East,,福井県
917,Fukui,East,,福井県
918,Fukui,East,,福井県
919,Fukui,East,,福井県
920,Ishikawa,East,,石川県
921,Ishikawa,East,,石川県
922,Ishikawa,East,,石川県
922,Fukui,East,Duplication,福井県
923,Ishikawa,East,,石川県
924,Ishikawa,East,,石川県
925,Ishikawa,East,,石川県
926,Ishikawa,East,,石川県
927,Ishikawa,East,,石川県
928,Ishikawa,East,,石川県
929,Ishikawa,East,,石川県
930,Toyama,East,,富山県
931,Toyama,East,,富山県
932,Toyama,East,,富山県
933,Toyama,East,,富山県
934,Toyama,East,,富山県
935,Toyama,East,,富山県
936,Toyama,East,,富山県
937,Toyama,East,,富山県
938,Toyama,East,,富山県
939,Ishikawa,East,,石川県
939,Toyama,East,Duplication,富山県
940,Nigata,East,,新潟県
941,Nigata,East,,新潟県
942,Nigata,East,,新潟県
943,Nigata,East,,新潟県
944,Nigata,East,,新潟県
945,Nigata,East,,新潟県
946,Nigata,East,,新潟県
947,Nigata,East,,新潟県
948,Nigata,East,,新潟県
949,Nigata,East,,新潟県
949,Nagano,East,Duplication,長野県
950,Nigata,East,,新潟県
951,Nigata,East,,新潟県
952,Nigata,East,,新潟県
953,Nigata,East,,新潟県
954,Nigata,East,,新潟県
955,Nigata,East,,新潟県
956,Nigata,East,,新潟県
957,Nigata,East,,新潟県
958,Nigata,East,,新潟県
959,Nigata,East,,新潟県
960,Fukushima,East,,福島県
961,Fukushima,East,,福島県
962,Fukushima,East,,福島県
963,Fukushima,East,,福島県
964,Fukushima,East,,福島県
965,Fukushima,East,,福島県
966,Fukushima,East,,福島県
967,Fukushima,East,,福島県
968,Fukushima,East,,福島県
969,Fukushima,East,,福島県
970,Fukushima,East,,福島県
971,Fukushima,East,,福島県
972,Fukushima,East,,福島県
973,Fukushima,East,,福島県
974,Fukushima,East,,福島県
975,Fukushima,East,,福島県
976,Fukushima,East,,福島県
979,Fukushima,East,,福島県
980,Miyagi,East,,宮城県
981,Miyagi,East,,宮城県
982,Miyagi,East,,宮城県
983,Miyagi,East,,宮城県
984,Miyagi,East,,宮城県
985,Miyagi,East,,宮城県
986,Miyagi,East,,宮城県
987,Miyagi,East,,宮城県
988,Miyagi,East,,宮城県
989,Miyagi,East,,宮城県
990,Yamagata,East,,山形県
991,Yamagata,East,,山形県
992,Yamagata,East,,山形県
993,Yamagata,East,,山形県
994,Yamagata,East,,山形県
995,Yamagata,East,,山形県
996,Yamagata,East,,山形県
997,Yamagata,East,,山形県
998,Yamagata,East,,山形県
999,Yamagata,East,,山形県
